,US0003M Index
1928-01-04,
1928-01-11,
1928-01-18,
1928-01-25,
1928-02-01,
1928-02-08,
1928-02-15,
1928-02-22,
1928-02-29,
1928-03-07,
1928-03-14,
1928-03-21,
1928-03-28,
1928-04-04,
1928-04-11,
1928-04-18,
1928-04-25,
1928-05-02,
1928-05-09,
1928-05-16,
1928-05-23,
1928-05-30,
1928-06-06,
1928-06-13,
1928-06-20,
1928-06-27,
1928-07-04,
1928-07-11,
1928-07-18,
1928-07-25,
1928-08-01,
1928-08-08,
1928-08-15,
1928-08-22,
1928-08-29,
1928-09-05,
1928-09-12,
1928-09-19,
1928-09-26,
1928-10-03,
1928-10-10,
1928-10-17,
1928-10-24,
1928-10-31,
1928-11-07,
1928-11-14,
1928-11-21,
1928-11-28,
1928-12-05,
1928-12-12,
1928-12-19,
1928-12-26,
1929-01-02,
1929-01-09,
1929-01-16,
1929-01-23,
1929-01-30,
1929-02-06,
1929-02-13,
1929-02-20,
1929-02-27,
1929-03-06,
1929-03-13,
1929-03-20,
1929-03-27,
1929-04-03,
1929-04-10,
1929-04-17,
1929-04-24,
1929-05-01,
1929-05-08,
1929-05-15,
1929-05-22,
1929-05-29,
1929-06-05,
1929-06-12,
1929-06-19,
1929-06-26,
1929-07-03,
1929-07-10,
1929-07-17,
1929-07-24,
1929-07-31,
1929-08-07,
1929-08-14,
1929-08-21,
1929-08-28,
1929-09-04,
1929-09-11,
1929-09-18,
1929-09-25,
1929-10-02,
1929-10-09,
1929-10-16,
1929-10-23,
1929-10-30,
1929-11-06,
1929-11-13,
1929-11-20,
1929-11-27,
1929-12-04,
1929-12-11,
1929-12-18,
1929-12-25,
1930-01-01,
1930-01-08,
1930-01-15,
1930-01-22,
1930-01-29,
1930-02-05,
1930-02-12,
1930-02-19,
1930-02-26,
1930-03-05,
1930-03-12,
1930-03-19,
1930-03-26,
1930-04-02,
1930-04-09,
1930-04-16,
1930-04-23,
1930-04-30,
1930-05-07,
1930-05-14,
1930-05-21,
1930-05-28,
1930-06-04,
1930-06-11,
1930-06-18,
1930-06-25,
1930-07-02,
1930-07-09,
1930-07-16,
1930-07-23,
1930-07-30,
1930-08-06,
1930-08-13,
1930-08-20,
1930-08-27,
1930-09-03,
1930-09-10,
1930-09-17,
1930-09-24,
1930-10-01,
1930-10-08,
1930-10-15,
1930-10-22,
1930-10-29,
1930-11-05,
1930-11-12,
1930-11-19,
1930-11-26,
1930-12-03,
1930-12-10,
1930-12-17,
1930-12-24,
1930-12-31,
1931-01-07,
1931-01-14,
1931-01-21,
1931-01-28,
1931-02-04,
1931-02-11,
1931-02-18,
1931-02-25,
1931-03-04,
1931-03-11,
1931-03-18,
1931-03-25,
1931-04-01,
1931-04-08,
1931-04-15,
1931-04-22,
1931-04-29,
1931-05-06,
1931-05-13,
1931-05-20,
1931-05-27,
1931-06-03,
1931-06-10,
1931-06-17,
1931-06-24,
1931-07-01,
1931-07-08,
1931-07-15,
1931-07-22,
1931-07-29,
1931-08-05,
1931-08-12,
1931-08-19,
1931-08-26,
1931-09-02,
1931-09-09,
1931-09-16,
1931-09-23,
1931-09-30,
1931-10-07,
1931-10-14,
1931-10-21,
1931-10-28,
1931-11-04,
1931-11-11,
1931-11-18,
1931-11-25,
1931-12-02,
1931-12-09,
1931-12-16,
1931-12-23,
1931-12-30,
1932-01-06,
1932-01-13,
1932-01-20,
1932-01-27,
1932-02-03,
1932-02-10,
1932-02-17,
1932-02-24,
1932-03-02,
1932-03-09,
1932-03-16,
1932-03-23,
1932-03-30,
1932-04-06,
1932-04-13,
1932-04-20,
1932-04-27,
1932-05-04,
1932-05-11,
1932-05-18,
1932-05-25,
1932-06-01,
1932-06-08,
1932-06-15,
1932-06-22,
1932-06-29,
1932-07-06,
1932-07-13,
1932-07-20,
1932-07-27,
1932-08-03,
1932-08-10,
1932-08-17,
1932-08-24,
1932-08-31,
1932-09-07,
1932-09-14,
1932-09-21,
1932-09-28,
1932-10-05,
1932-10-12,
1932-10-19,
1932-10-26,
1932-11-02,
1932-11-09,
1932-11-16,
1932-11-23,
1932-11-30,
1932-12-07,
1932-12-14,
1932-12-21,
1932-12-28,
1933-01-04,
1933-01-11,
1933-01-18,
1933-01-25,
1933-02-01,
1933-02-08,
1933-02-15,
1933-02-22,
1933-03-01,
1933-03-08,
1933-03-15,
1933-03-22,
1933-03-29,
1933-04-05,
1933-04-12,
1933-04-19,
1933-04-26,
1933-05-03,
1933-05-10,
1933-05-17,
1933-05-24,
1933-05-31,
1933-06-07,
1933-06-14,
1933-06-21,
1933-06-28,
1933-07-05,
1933-07-12,
1933-07-19,
1933-07-26,
1933-08-02,
1933-08-09,
1933-08-16,
1933-08-23,
1933-08-30,
1933-09-06,
1933-09-13,
1933-09-20,
1933-09-27,
1933-10-04,
1933-10-11,
1933-10-18,
1933-10-25,
1933-11-01,
1933-11-08,
1933-11-15,
1933-11-22,
1933-11-29,
1933-12-06,
1933-12-13,
1933-12-20,
1933-12-27,
1934-01-03,
1934-01-10,
1934-01-17,
1934-01-24,
1934-01-31,
1934-02-07,
1934-02-14,
1934-02-21,
1934-02-28,
1934-03-07,
1934-03-14,
1934-03-21,
1934-03-28,
1934-04-04,
1934-04-11,
1934-04-18,
1934-04-25,
1934-05-02,
1934-05-09,
1934-05-16,
1934-05-23,
1934-05-30,
1934-06-06,
1934-06-13,
1934-06-20,
1934-06-27,
1934-07-04,
1934-07-11,
1934-07-18,
1934-07-25,
1934-08-01,
1934-08-08,
1934-08-15,
1934-08-22,
1934-08-29,
1934-09-05,
1934-09-12,
1934-09-19,
1934-09-26,
1934-10-03,
1934-10-10,
1934-10-17,
1934-10-24,
1934-10-31,
1934-11-07,
1934-11-14,
1934-11-21,
1934-11-28,
1934-12-05,
1934-12-12,
1934-12-19,
1934-12-26,
1935-01-02,
1935-01-09,
1935-01-16,
1935-01-23,
1935-01-30,
1935-02-06,
1935-02-13,
1935-02-20,
1935-02-27,
1935-03-06,
1935-03-13,
1935-03-20,
1935-03-27,
1935-04-03,
1935-04-10,
1935-04-17,
1935-04-24,
1935-05-01,
1935-05-08,
1935-05-15,
1935-05-22,
1935-05-29,
1935-06-05,
1935-06-12,
1935-06-19,
1935-06-26,
1935-07-03,
1935-07-10,
1935-07-17,
1935-07-24,
1935-07-31,
1935-08-07,
1935-08-14,
1935-08-21,
1935-08-28,
1935-09-04,
1935-09-11,
1935-09-18,
1935-09-25,
1935-10-02,
1935-10-09,
1935-10-16,
1935-10-23,
1935-10-30,
1935-11-06,
1935-11-13,
1935-11-20,
1935-11-27,
1935-12-04,
1935-12-11,
1935-12-18,
1935-12-25,
1936-01-01,
1936-01-08,
1936-01-15,
1936-01-22,
1936-01-29,
1936-02-05,
1936-02-12,
1936-02-19,
1936-02-26,
1936-03-04,
1936-03-11,
1936-03-18,
1936-03-25,
1936-04-01,
1936-04-08,
1936-04-15,
1936-04-22,
1936-04-29,
1936-05-06,
1936-05-13,
1936-05-20,
1936-05-27,
1936-06-03,
1936-06-10,
1936-06-17,
1936-06-24,
1936-07-01,
1936-07-08,
1936-07-15,
1936-07-22,
1936-07-29,
1936-08-05,
1936-08-12,
1936-08-19,
1936-08-26,
1936-09-02,
1936-09-09,
1936-09-16,
1936-09-23,
1936-09-30,
1936-10-07,
1936-10-14,
1936-10-21,
1936-10-28,
1936-11-04,
1936-11-11,
1936-11-18,
1936-11-25,
1936-12-02,
1936-12-09,
1936-12-16,
1936-12-23,
1936-12-30,
1937-01-06,
1937-01-13,
1937-01-20,
1937-01-27,
1937-02-03,
1937-02-10,
1937-02-17,
1937-02-24,
1937-03-03,
1937-03-10,
1937-03-17,
1937-03-24,
1937-03-31,
1937-04-07,
1937-04-14,
1937-04-21,
1937-04-28,
1937-05-05,
1937-05-12,
1937-05-19,
1937-05-26,
1937-06-02,
1937-06-09,
1937-06-16,
1937-06-23,
1937-06-30,
1937-07-07,
1937-07-14,
1937-07-21,
1937-07-28,
1937-08-04,
1937-08-11,
1937-08-18,
1937-08-25,
1937-09-01,
1937-09-08,
1937-09-15,
1937-09-22,
1937-09-29,
1937-10-06,
1937-10-13,
1937-10-20,
1937-10-27,
1937-11-03,
1937-11-10,
1937-11-17,
1937-11-24,
1937-12-01,
1937-12-08,
1937-12-15,
1937-12-22,
1937-12-29,
1938-01-05,
1938-01-12,
1938-01-19,
1938-01-26,
1938-02-02,
1938-02-09,
1938-02-16,
1938-02-23,
1938-03-02,
1938-03-09,
1938-03-16,
1938-03-23,
1938-03-30,
1938-04-06,
1938-04-13,
1938-04-20,
1938-04-27,
1938-05-04,
1938-05-11,
1938-05-18,
1938-05-25,
1938-06-01,
1938-06-08,
1938-06-15,
1938-06-22,
1938-06-29,
1938-07-06,
1938-07-13,
1938-07-20,
1938-07-27,
1938-08-03,
1938-08-10,
1938-08-17,
1938-08-24,
1938-08-31,
1938-09-07,
1938-09-14,
1938-09-21,
1938-09-28,
1938-10-05,
1938-10-12,
1938-10-19,
1938-10-26,
1938-11-02,
1938-11-09,
1938-11-16,
1938-11-23,
1938-11-30,
1938-12-07,
1938-12-14,
1938-12-21,
1938-12-28,
1939-01-04,
1939-01-11,
1939-01-18,
1939-01-25,
1939-02-01,
1939-02-08,
1939-02-15,
1939-02-22,
1939-03-01,
1939-03-08,
1939-03-15,
1939-03-22,
1939-03-29,
1939-04-05,
1939-04-12,
1939-04-19,
1939-04-26,
1939-05-03,
1939-05-10,
1939-05-17,
1939-05-24,
1939-05-31,
1939-06-07,
1939-06-14,
1939-06-21,
1939-06-28,
1939-07-05,
1939-07-12,
1939-07-19,
1939-07-26,
1939-08-02,
1939-08-09,
1939-08-16,
1939-08-23,
1939-08-30,
1939-09-06,
1939-09-13,
1939-09-20,
1939-09-27,
1939-10-04,
1939-10-11,
1939-10-18,
1939-10-25,
1939-11-01,
1939-11-08,
1939-11-15,
1939-11-22,
1939-11-29,
1939-12-06,
1939-12-13,
1939-12-20,
1939-12-27,
1940-01-03,
1940-01-10,
1940-01-17,
1940-01-24,
1940-01-31,
1940-02-07,
1940-02-14,
1940-02-21,
1940-02-28,
1940-03-06,
1940-03-13,
1940-03-20,
1940-03-27,
1940-04-03,
1940-04-10,
1940-04-17,
1940-04-24,
1940-05-01,
1940-05-08,
1940-05-15,
1940-05-22,
1940-05-29,
1940-06-05,
1940-06-12,
1940-06-19,
1940-06-26,
1940-07-03,
1940-07-10,
1940-07-17,
1940-07-24,
1940-07-31,
1940-08-07,
1940-08-14,
1940-08-21,
1940-08-28,
1940-09-04,
1940-09-11,
1940-09-18,
1940-09-25,
1940-10-02,
1940-10-09,
1940-10-16,
1940-10-23,
1940-10-30,
1940-11-06,
1940-11-13,
1940-11-20,
1940-11-27,
1940-12-04,
1940-12-11,
1940-12-18,
1940-12-25,
1941-01-01,
1941-01-08,
1941-01-15,
1941-01-22,
1941-01-29,
1941-02-05,
1941-02-12,
1941-02-19,
1941-02-26,
1941-03-05,
1941-03-12,
1941-03-19,
1941-03-26,
1941-04-02,
1941-04-09,
1941-04-16,
1941-04-23,
1941-04-30,
1941-05-07,
1941-05-14,
1941-05-21,
1941-05-28,
1941-06-04,
1941-06-11,
1941-06-18,
1941-06-25,
1941-07-02,
1941-07-09,
1941-07-16,
1941-07-23,
1941-07-30,
1941-08-06,
1941-08-13,
1941-08-20,
1941-08-27,
1941-09-03,
1941-09-10,
1941-09-17,
1941-09-24,
1941-10-01,
1941-10-08,
1941-10-15,
1941-10-22,
1941-10-29,
1941-11-05,
1941-11-12,
1941-11-19,
1941-11-26,
1941-12-03,
1941-12-10,
1941-12-17,
1941-12-24,
1941-12-31,
1942-01-07,
1942-01-14,
1942-01-21,
1942-01-28,
1942-02-04,
1942-02-11,
1942-02-18,
1942-02-25,
1942-03-04,
1942-03-11,
1942-03-18,
1942-03-25,
1942-04-01,
1942-04-08,
1942-04-15,
1942-04-22,
1942-04-29,
1942-05-06,
1942-05-13,
1942-05-20,
1942-05-27,
1942-06-03,
1942-06-10,
1942-06-17,
1942-06-24,
1942-07-01,
1942-07-08,
1942-07-15,
1942-07-22,
1942-07-29,
1942-08-05,
1942-08-12,
1942-08-19,
1942-08-26,
1942-09-02,
1942-09-09,
1942-09-16,
1942-09-23,
1942-09-30,
1942-10-07,
1942-10-14,
1942-10-21,
1942-10-28,
1942-11-04,
1942-11-11,
1942-11-18,
1942-11-25,
1942-12-02,
1942-12-09,
1942-12-16,
1942-12-23,
1942-12-30,
1943-01-06,
1943-01-13,
1943-01-20,
1943-01-27,
1943-02-03,
1943-02-10,
1943-02-17,
1943-02-24,
1943-03-03,
1943-03-10,
1943-03-17,
1943-03-24,
1943-03-31,
1943-04-07,
1943-04-14,
1943-04-21,
1943-04-28,
1943-05-05,
1943-05-12,
1943-05-19,
1943-05-26,
1943-06-02,
1943-06-09,
1943-06-16,
1943-06-23,
1943-06-30,
1943-07-07,
1943-07-14,
1943-07-21,
1943-07-28,
1943-08-04,
1943-08-11,
1943-08-18,
1943-08-25,
1943-09-01,
1943-09-08,
1943-09-15,
1943-09-22,
1943-09-29,
1943-10-06,
1943-10-13,
1943-10-20,
1943-10-27,
1943-11-03,
1943-11-10,
1943-11-17,
1943-11-24,
1943-12-01,
1943-12-08,
1943-12-15,
1943-12-22,
1943-12-29,
1944-01-05,
1944-01-12,
1944-01-19,
1944-01-26,
1944-02-02,
1944-02-09,
1944-02-16,
1944-02-23,
1944-03-01,
1944-03-08,
1944-03-15,
1944-03-22,
1944-03-29,
1944-04-05,
1944-04-12,
1944-04-19,
1944-04-26,
1944-05-03,
1944-05-10,
1944-05-17,
1944-05-24,
1944-05-31,
1944-06-07,
1944-06-14,
1944-06-21,
1944-06-28,
1944-07-05,
1944-07-12,
1944-07-19,
1944-07-26,
1944-08-02,
1944-08-09,
1944-08-16,
1944-08-23,
1944-08-30,
1944-09-06,
1944-09-13,
1944-09-20,
1944-09-27,
1944-10-04,
1944-10-11,
1944-10-18,
1944-10-25,
1944-11-01,
1944-11-08,
1944-11-15,
1944-11-22,
1944-11-29,
1944-12-06,
1944-12-13,
1944-12-20,
1944-12-27,
1945-01-03,
1945-01-10,
1945-01-17,
1945-01-24,
1945-01-31,
1945-02-07,
1945-02-14,
1945-02-21,
1945-02-28,
1945-03-07,
1945-03-14,
1945-03-21,
1945-03-28,
1945-04-04,
1945-04-11,
1945-04-18,
1945-04-25,
1945-05-02,
1945-05-09,
1945-05-16,
1945-05-23,
1945-05-30,
1945-06-06,
1945-06-13,
1945-06-20,
1945-06-27,
1945-07-04,
1945-07-11,
1945-07-18,
1945-07-25,
1945-08-01,
1945-08-08,
1945-08-15,
1945-08-22,
1945-08-29,
1945-09-05,
1945-09-12,
1945-09-19,
1945-09-26,
1945-10-03,
1945-10-10,
1945-10-17,
1945-10-24,
1945-10-31,
1945-11-07,
1945-11-14,
1945-11-21,
1945-11-28,
1945-12-05,
1945-12-12,
1945-12-19,
1945-12-26,
1946-01-02,
1946-01-09,
1946-01-16,
1946-01-23,
1946-01-30,
1946-02-06,
1946-02-13,
1946-02-20,
1946-02-27,
1946-03-06,
1946-03-13,
1946-03-20,
1946-03-27,
1946-04-03,
1946-04-10,
1946-04-17,
1946-04-24,
1946-05-01,
1946-05-08,
1946-05-15,
1946-05-22,
1946-05-29,
1946-06-05,
1946-06-12,
1946-06-19,
1946-06-26,
1946-07-03,
1946-07-10,
1946-07-17,
1946-07-24,
1946-07-31,
1946-08-07,
1946-08-14,
1946-08-21,
1946-08-28,
1946-09-04,
1946-09-11,
1946-09-18,
1946-09-25,
1946-10-02,
1946-10-09,
1946-10-16,
1946-10-23,
1946-10-30,
1946-11-06,
1946-11-13,
1946-11-20,
1946-11-27,
1946-12-04,
1946-12-11,
1946-12-18,
1946-12-25,
1947-01-01,
1947-01-08,
1947-01-15,
1947-01-22,
1947-01-29,
1947-02-05,
1947-02-12,
1947-02-19,
1947-02-26,
1947-03-05,
1947-03-12,
1947-03-19,
1947-03-26,
1947-04-02,
1947-04-09,
1947-04-16,
1947-04-23,
1947-04-30,
1947-05-07,
1947-05-14,
1947-05-21,
1947-05-28,
1947-06-04,
1947-06-11,
1947-06-18,
1947-06-25,
1947-07-02,
1947-07-09,
1947-07-16,
1947-07-23,
1947-07-30,
1947-08-06,
1947-08-13,
1947-08-20,
1947-08-27,
1947-09-03,
1947-09-10,
1947-09-17,
1947-09-24,
1947-10-01,
1947-10-08,
1947-10-15,
1947-10-22,
1947-10-29,
1947-11-05,
1947-11-12,
1947-11-19,
1947-11-26,
1947-12-03,
1947-12-10,
1947-12-17,
1947-12-24,
1947-12-31,
1948-01-07,
1948-01-14,
1948-01-21,
1948-01-28,
1948-02-04,
1948-02-11,
1948-02-18,
1948-02-25,
1948-03-03,
1948-03-10,
1948-03-17,
1948-03-24,
1948-03-31,
1948-04-07,
1948-04-14,
1948-04-21,
1948-04-28,
1948-05-05,
1948-05-12,
1948-05-19,
1948-05-26,
1948-06-02,
1948-06-09,
1948-06-16,
1948-06-23,
1948-06-30,
1948-07-07,
1948-07-14,
1948-07-21,
1948-07-28,
1948-08-04,
1948-08-11,
1948-08-18,
1948-08-25,
1948-09-01,
1948-09-08,
1948-09-15,
1948-09-22,
1948-09-29,
1948-10-06,
1948-10-13,
1948-10-20,
1948-10-27,
1948-11-03,
1948-11-10,
1948-11-17,
1948-11-24,
1948-12-01,
1948-12-08,
1948-12-15,
1948-12-22,
1948-12-29,
1949-01-05,
1949-01-12,
1949-01-19,
1949-01-26,
1949-02-02,
1949-02-09,
1949-02-16,
1949-02-23,
1949-03-02,
1949-03-09,
1949-03-16,
1949-03-23,
1949-03-30,
1949-04-06,
1949-04-13,
1949-04-20,
1949-04-27,
1949-05-04,
1949-05-11,
1949-05-18,
1949-05-25,
1949-06-01,
1949-06-08,
1949-06-15,
1949-06-22,
1949-06-29,
1949-07-06,
1949-07-13,
1949-07-20,
1949-07-27,
1949-08-03,
1949-08-10,
1949-08-17,
1949-08-24,
1949-08-31,
1949-09-07,
1949-09-14,
1949-09-21,
1949-09-28,
1949-10-05,
1949-10-12,
1949-10-19,
1949-10-26,
1949-11-02,
1949-11-09,
1949-11-16,
1949-11-23,
1949-11-30,
1949-12-07,
1949-12-14,
1949-12-21,
1949-12-28,
1950-01-04,
1950-01-11,
1950-01-18,
1950-01-25,
1950-02-01,
1950-02-08,
1950-02-15,
1950-02-22,
1950-03-01,
1950-03-08,
1950-03-15,
1950-03-22,
1950-03-29,
1950-04-05,
1950-04-12,
1950-04-19,
1950-04-26,
1950-05-03,
1950-05-10,
1950-05-17,
1950-05-24,
1950-05-31,
1950-06-07,
1950-06-14,
1950-06-21,
1950-06-28,
1950-07-05,
1950-07-12,
1950-07-19,
1950-07-26,
1950-08-02,
1950-08-09,
1950-08-16,
1950-08-23,
1950-08-30,
1950-09-06,
1950-09-13,
1950-09-20,
1950-09-27,
1950-10-04,
1950-10-11,
1950-10-18,
1950-10-25,
1950-11-01,
1950-11-08,
1950-11-15,
1950-11-22,
1950-11-29,
1950-12-06,
1950-12-13,
1950-12-20,
1950-12-27,
1951-01-03,
1951-01-10,
1951-01-17,
1951-01-24,
1951-01-31,
1951-02-07,
1951-02-14,
1951-02-21,
1951-02-28,
1951-03-07,
1951-03-14,
1951-03-21,
1951-03-28,
1951-04-04,
1951-04-11,
1951-04-18,
1951-04-25,
1951-05-02,
1951-05-09,
1951-05-16,
1951-05-23,
1951-05-30,
1951-06-06,
1951-06-13,
1951-06-20,
1951-06-27,
1951-07-04,
1951-07-11,
1951-07-18,
1951-07-25,
1951-08-01,
1951-08-08,
1951-08-15,
1951-08-22,
1951-08-29,
1951-09-05,
1951-09-12,
1951-09-19,
1951-09-26,
1951-10-03,
1951-10-10,
1951-10-17,
1951-10-24,
1951-10-31,
1951-11-07,
1951-11-14,
1951-11-21,
1951-11-28,
1951-12-05,
1951-12-12,
1951-12-19,
1951-12-26,
1952-01-02,
1952-01-09,
1952-01-16,
1952-01-23,
1952-01-30,
1952-02-06,
1952-02-13,
1952-02-20,
1952-02-27,
1952-03-05,
1952-03-12,
1952-03-19,
1952-03-26,
1952-04-02,
1952-04-09,
1952-04-16,
1952-04-23,
1952-04-30,
1952-05-07,
1952-05-14,
1952-05-21,
1952-05-28,
1952-06-04,
1952-06-11,
1952-06-18,
1952-06-25,
1952-07-02,
1952-07-09,
1952-07-16,
1952-07-23,
1952-07-30,
1952-08-06,
1952-08-13,
1952-08-20,
1952-08-27,
1952-09-03,
1952-09-10,
1952-09-17,
1952-09-24,
1952-10-01,
1952-10-08,
1952-10-15,
1952-10-22,
1952-10-29,
1952-11-05,
1952-11-12,
1952-11-19,
1952-11-26,
1952-12-03,
1952-12-10,
1952-12-17,
1952-12-24,
1952-12-31,
1953-01-07,
1953-01-14,
1953-01-21,
1953-01-28,
1953-02-04,
1953-02-11,
1953-02-18,
1953-02-25,
1953-03-04,
1953-03-11,
1953-03-18,
1953-03-25,
1953-04-01,
1953-04-08,
1953-04-15,
1953-04-22,
1953-04-29,
1953-05-06,
1953-05-13,
1953-05-20,
1953-05-27,
1953-06-03,
1953-06-10,
1953-06-17,
1953-06-24,
1953-07-01,
1953-07-08,
1953-07-15,
1953-07-22,
1953-07-29,
1953-08-05,
1953-08-12,
1953-08-19,
1953-08-26,
1953-09-02,
1953-09-09,
1953-09-16,
1953-09-23,
1953-09-30,
1953-10-07,
1953-10-14,
1953-10-21,
1953-10-28,
1953-11-04,
1953-11-11,
1953-11-18,
1953-11-25,
1953-12-02,
1953-12-09,
1953-12-16,
1953-12-23,
1953-12-30,
1954-01-06,
1954-01-13,
1954-01-20,
1954-01-27,
1954-02-03,
1954-02-10,
1954-02-17,
1954-02-24,
1954-03-03,
1954-03-10,
1954-03-17,
1954-03-24,
1954-03-31,
1954-04-07,
1954-04-14,
1954-04-21,
1954-04-28,
1954-05-05,
1954-05-12,
1954-05-19,
1954-05-26,
1954-06-02,
1954-06-09,
1954-06-16,
1954-06-23,
1954-06-30,
1954-07-07,
1954-07-14,
1954-07-21,
1954-07-28,
1954-08-04,
1954-08-11,
1954-08-18,
1954-08-25,
1954-09-01,
1954-09-08,
1954-09-15,
1954-09-22,
1954-09-29,
1954-10-06,
1954-10-13,
1954-10-20,
1954-10-27,
1954-11-03,
1954-11-10,
1954-11-17,
1954-11-24,
1954-12-01,
1954-12-08,
1954-12-15,
1954-12-22,
1954-12-29,
1955-01-05,
1955-01-12,
1955-01-19,
1955-01-26,
1955-02-02,
1955-02-09,
1955-02-16,
1955-02-23,
1955-03-02,
1955-03-09,
1955-03-16,
1955-03-23,
1955-03-30,
1955-04-06,
1955-04-13,
1955-04-20,
1955-04-27,
1955-05-04,
1955-05-11,
1955-05-18,
1955-05-25,
1955-06-01,
1955-06-08,
1955-06-15,
1955-06-22,
1955-06-29,
1955-07-06,
1955-07-13,
1955-07-20,
1955-07-27,
1955-08-03,
1955-08-10,
1955-08-17,
1955-08-24,
1955-08-31,
1955-09-07,
1955-09-14,
1955-09-21,
1955-09-28,
1955-10-05,
1955-10-12,
1955-10-19,
1955-10-26,
1955-11-02,
1955-11-09,
1955-11-16,
1955-11-23,
1955-11-30,
1955-12-07,
1955-12-14,
1955-12-21,
1955-12-28,
1956-01-04,
1956-01-11,
1956-01-18,
1956-01-25,
1956-02-01,
1956-02-08,
1956-02-15,
1956-02-22,
1956-02-29,
1956-03-07,
1956-03-14,
1956-03-21,
1956-03-28,
1956-04-04,
1956-04-11,
1956-04-18,
1956-04-25,
1956-05-02,
1956-05-09,
1956-05-16,
1956-05-23,
1956-05-30,
1956-06-06,
1956-06-13,
1956-06-20,
1956-06-27,
1956-07-04,
1956-07-11,
1956-07-18,
1956-07-25,
1956-08-01,
1956-08-08,
1956-08-15,
1956-08-22,
1956-08-29,
1956-09-05,
1956-09-12,
1956-09-19,
1956-09-26,
1956-10-03,
1956-10-10,
1956-10-17,
1956-10-24,
1956-10-31,
1956-11-07,
1956-11-14,
1956-11-21,
1956-11-28,
1956-12-05,
1956-12-12,
1956-12-19,
1956-12-26,
1957-01-02,
1957-01-09,
1957-01-16,
1957-01-23,
1957-01-30,
1957-02-06,
1957-02-13,
1957-02-20,
1957-02-27,
1957-03-06,
1957-03-13,
1957-03-20,
1957-03-27,
1957-04-03,
1957-04-10,
1957-04-17,
1957-04-24,
1957-05-01,
1957-05-08,
1957-05-15,
1957-05-22,
1957-05-29,
1957-06-05,
1957-06-12,
1957-06-19,
1957-06-26,
1957-07-03,
1957-07-10,
1957-07-17,
1957-07-24,
1957-07-31,
1957-08-07,
1957-08-14,
1957-08-21,
1957-08-28,
1957-09-04,
1957-09-11,
1957-09-18,
1957-09-25,
1957-10-02,
1957-10-09,
1957-10-16,
1957-10-23,
1957-10-30,
1957-11-06,
1957-11-13,
1957-11-20,
1957-11-27,
1957-12-04,
1957-12-11,
1957-12-18,
1957-12-25,
1958-01-01,
1958-01-08,
1958-01-15,
1958-01-22,
1958-01-29,
1958-02-05,
1958-02-12,
1958-02-19,
1958-02-26,
1958-03-05,
1958-03-12,
1958-03-19,
1958-03-26,
1958-04-02,
1958-04-09,
1958-04-16,
1958-04-23,
1958-04-30,
1958-05-07,
1958-05-14,
1958-05-21,
1958-05-28,
1958-06-04,
1958-06-11,
1958-06-18,
1958-06-25,
1958-07-02,
1958-07-09,
1958-07-16,
1958-07-23,
1958-07-30,
1958-08-06,
1958-08-13,
1958-08-20,
1958-08-27,
1958-09-03,
1958-09-10,
1958-09-17,
1958-09-24,
1958-10-01,
1958-10-08,
1958-10-15,
1958-10-22,
1958-10-29,
1958-11-05,
1958-11-12,
1958-11-19,
1958-11-26,
1958-12-03,
1958-12-10,
1958-12-17,
1958-12-24,
1958-12-31,
1959-01-07,
1959-01-14,
1959-01-21,
1959-01-28,
1959-02-04,
1959-02-11,
1959-02-18,
1959-02-25,
1959-03-04,
1959-03-11,
1959-03-18,
1959-03-25,
1959-04-01,
1959-04-08,
1959-04-15,
1959-04-22,
1959-04-29,
1959-05-06,
1959-05-13,
1959-05-20,
1959-05-27,
1959-06-03,
1959-06-10,
1959-06-17,
1959-06-24,
1959-07-01,
1959-07-08,
1959-07-15,
1959-07-22,
1959-07-29,
1959-08-05,
1959-08-12,
1959-08-19,
1959-08-26,
1959-09-02,
1959-09-09,
1959-09-16,
1959-09-23,
1959-09-30,
1959-10-07,
1959-10-14,
1959-10-21,
1959-10-28,
1959-11-04,
1959-11-11,
1959-11-18,
1959-11-25,
1959-12-02,
1959-12-09,
1959-12-16,
1959-12-23,
1959-12-30,
1960-01-06,
1960-01-13,
1960-01-20,
1960-01-27,
1960-02-03,
1960-02-10,
1960-02-17,
1960-02-24,
1960-03-02,
1960-03-09,
1960-03-16,
1960-03-23,
1960-03-30,
1960-04-06,
1960-04-13,
1960-04-20,
1960-04-27,
1960-05-04,
1960-05-11,
1960-05-18,
1960-05-25,
1960-06-01,
1960-06-08,
1960-06-15,
1960-06-22,
1960-06-29,
1960-07-06,
1960-07-13,
1960-07-20,
1960-07-27,
1960-08-03,
1960-08-10,
1960-08-17,
1960-08-24,
1960-08-31,
1960-09-07,
1960-09-14,
1960-09-21,
1960-09-28,
1960-10-05,
1960-10-12,
1960-10-19,
1960-10-26,
1960-11-02,
1960-11-09,
1960-11-16,
1960-11-23,
1960-11-30,
1960-12-07,
1960-12-14,
1960-12-21,
1960-12-28,
1961-01-04,
1961-01-11,
1961-01-18,
1961-01-25,
1961-02-01,
1961-02-08,
1961-02-15,
1961-02-22,
1961-03-01,
1961-03-08,
1961-03-15,
1961-03-22,
1961-03-29,
1961-04-05,
1961-04-12,
1961-04-19,
1961-04-26,
1961-05-03,
1961-05-10,
1961-05-17,
1961-05-24,
1961-05-31,
1961-06-07,
1961-06-14,
1961-06-21,
1961-06-28,
1961-07-05,
1961-07-12,
1961-07-19,
1961-07-26,
1961-08-02,
1961-08-09,
1961-08-16,
1961-08-23,
1961-08-30,
1961-09-06,
1961-09-13,
1961-09-20,
1961-09-27,
1961-10-04,
1961-10-11,
1961-10-18,
1961-10-25,
1961-11-01,
1961-11-08,
1961-11-15,
1961-11-22,
1961-11-29,
1961-12-06,
1961-12-13,
1961-12-20,
1961-12-27,
1962-01-03,
1962-01-10,
1962-01-17,
1962-01-24,
1962-01-31,
1962-02-07,
1962-02-14,
1962-02-21,
1962-02-28,
1962-03-07,
1962-03-14,
1962-03-21,
1962-03-28,
1962-04-04,
1962-04-11,
1962-04-18,
1962-04-25,
1962-05-02,
1962-05-09,
1962-05-16,
1962-05-23,
1962-05-30,
1962-06-06,
1962-06-13,
1962-06-20,
1962-06-27,
1962-07-04,
1962-07-11,
1962-07-18,
1962-07-25,
1962-08-01,
1962-08-08,
1962-08-15,
1962-08-22,
1962-08-29,
1962-09-05,
1962-09-12,
1962-09-19,
1962-09-26,
1962-10-03,
1962-10-10,
1962-10-17,
1962-10-24,
1962-10-31,
1962-11-07,
1962-11-14,
1962-11-21,
1962-11-28,
1962-12-05,
1962-12-12,
1962-12-19,
1962-12-26,
1963-01-02,
1963-01-09,
1963-01-16,
1963-01-23,
1963-01-30,
1963-02-06,
1963-02-13,
1963-02-20,
1963-02-27,
1963-03-06,
1963-03-13,
1963-03-20,
1963-03-27,
1963-04-03,
1963-04-10,
1963-04-17,
1963-04-24,
1963-05-01,
1963-05-08,
1963-05-15,
1963-05-22,
1963-05-29,
1963-06-05,
1963-06-12,
1963-06-19,
1963-06-26,
1963-07-03,
1963-07-10,
1963-07-17,
1963-07-24,
1963-07-31,
1963-08-07,
1963-08-14,
1963-08-21,
1963-08-28,
1963-09-04,
1963-09-11,
1963-09-18,
1963-09-25,
1963-10-02,
1963-10-09,
1963-10-16,
1963-10-23,
1963-10-30,
1963-11-06,
1963-11-13,
1963-11-20,
1963-11-27,
1963-12-04,
1963-12-11,
1963-12-18,
1963-12-25,
1964-01-01,
1964-01-08,
1964-01-15,
1964-01-22,
1964-01-29,
1964-02-05,
1964-02-12,
1964-02-19,
1964-02-26,
1964-03-04,
1964-03-11,
1964-03-18,
1964-03-25,
1964-04-01,
1964-04-08,
1964-04-15,
1964-04-22,
1964-04-29,
1964-05-06,
1964-05-13,
1964-05-20,
1964-05-27,
1964-06-03,
1964-06-10,
1964-06-17,
1964-06-24,
1964-07-01,
1964-07-08,
1964-07-15,
1964-07-22,
1964-07-29,
1964-08-05,
1964-08-12,
1964-08-19,
1964-08-26,
1964-09-02,
1964-09-09,
1964-09-16,
1964-09-23,
1964-09-30,
1964-10-07,
1964-10-14,
1964-10-21,
1964-10-28,
1964-11-04,
1964-11-11,
1964-11-18,
1964-11-25,
1964-12-02,
1964-12-09,
1964-12-16,
1964-12-23,
1964-12-30,
1965-01-06,
1965-01-13,
1965-01-20,
1965-01-27,
1965-02-03,
1965-02-10,
1965-02-17,
1965-02-24,
1965-03-03,
1965-03-10,
1965-03-17,
1965-03-24,
1965-03-31,
1965-04-07,
1965-04-14,
1965-04-21,
1965-04-28,
1965-05-05,
1965-05-12,
1965-05-19,
1965-05-26,
1965-06-02,
1965-06-09,
1965-06-16,
1965-06-23,
1965-06-30,
1965-07-07,
1965-07-14,
1965-07-21,
1965-07-28,
1965-08-04,
1965-08-11,
1965-08-18,
1965-08-25,
1965-09-01,
1965-09-08,
1965-09-15,
1965-09-22,
1965-09-29,
1965-10-06,
1965-10-13,
1965-10-20,
1965-10-27,
1965-11-03,
1965-11-10,
1965-11-17,
1965-11-24,
1965-12-01,
1965-12-08,
1965-12-15,
1965-12-22,
1965-12-29,
1966-01-05,
1966-01-12,
1966-01-19,
1966-01-26,
1966-02-02,
1966-02-09,
1966-02-16,
1966-02-23,
1966-03-02,
1966-03-09,
1966-03-16,
1966-03-23,
1966-03-30,
1966-04-06,
1966-04-13,
1966-04-20,
1966-04-27,
1966-05-04,
1966-05-11,
1966-05-18,
1966-05-25,
1966-06-01,
1966-06-08,
1966-06-15,
1966-06-22,
1966-06-29,
1966-07-06,
1966-07-13,
1966-07-20,
1966-07-27,
1966-08-03,
1966-08-10,
1966-08-17,
1966-08-24,
1966-08-31,
1966-09-07,
1966-09-14,
1966-09-21,
1966-09-28,
1966-10-05,
1966-10-12,
1966-10-19,
1966-10-26,
1966-11-02,
1966-11-09,
1966-11-16,
1966-11-23,
1966-11-30,
1966-12-07,
1966-12-14,
1966-12-21,
1966-12-28,
1967-01-04,
1967-01-11,
1967-01-18,
1967-01-25,
1967-02-01,
1967-02-08,
1967-02-15,
1967-02-22,
1967-03-01,
1967-03-08,
1967-03-15,
1967-03-22,
1967-03-29,
1967-04-05,
1967-04-12,
1967-04-19,
1967-04-26,
1967-05-03,
1967-05-10,
1967-05-17,
1967-05-24,
1967-05-31,
1967-06-07,
1967-06-14,
1967-06-21,
1967-06-28,
1967-07-05,
1967-07-12,
1967-07-19,
1967-07-26,
1967-08-02,
1967-08-09,
1967-08-16,
1967-08-23,
1967-08-30,
1967-09-06,
1967-09-13,
1967-09-20,
1967-09-27,
1967-10-04,
1967-10-11,
1967-10-18,
1967-10-25,
1967-11-01,
1967-11-08,
1967-11-15,
1967-11-22,
1967-11-29,
1967-12-06,
1967-12-13,
1967-12-20,
1967-12-27,
1968-01-03,
1968-01-10,
1968-01-17,
1968-01-24,
1968-01-31,
1968-02-07,
1968-02-14,
1968-02-21,
1968-02-28,
1968-03-06,
1968-03-13,
1968-03-20,
1968-03-27,
1968-04-03,
1968-04-10,
1968-04-17,
1968-04-24,
1968-05-01,
1968-05-08,
1968-05-15,
1968-05-22,
1968-05-29,
1968-06-05,
1968-06-12,
1968-06-19,
1968-06-26,
1968-07-03,
1968-07-10,
1968-07-17,
1968-07-24,
1968-07-31,
1968-08-07,
1968-08-14,
1968-08-21,
1968-08-28,
1968-09-04,
1968-09-11,
1968-09-18,
1968-09-25,
1968-10-02,
1968-10-09,
1968-10-16,
1968-10-23,
1968-10-30,
1968-11-06,
1968-11-13,
1968-11-20,
1968-11-27,
1968-12-04,
1968-12-11,
1968-12-18,
1968-12-25,
1969-01-01,
1969-01-08,
1969-01-15,
1969-01-22,
1969-01-29,
1969-02-05,
1969-02-12,
1969-02-19,
1969-02-26,
1969-03-05,
1969-03-12,
1969-03-19,
1969-03-26,
1969-04-02,
1969-04-09,
1969-04-16,
1969-04-23,
1969-04-30,
1969-05-07,
1969-05-14,
1969-05-21,
1969-05-28,
1969-06-04,
1969-06-11,
1969-06-18,
1969-06-25,
1969-07-02,
1969-07-09,
1969-07-16,
1969-07-23,
1969-07-30,
1969-08-06,
1969-08-13,
1969-08-20,
1969-08-27,
1969-09-03,
1969-09-10,
1969-09-17,
1969-09-24,
1969-10-01,
1969-10-08,
1969-10-15,
1969-10-22,
1969-10-29,
1969-11-05,
1969-11-12,
1969-11-19,
1969-11-26,
1969-12-03,
1969-12-10,
1969-12-17,
1969-12-24,
1969-12-31,
1970-01-07,
1970-01-14,
1970-01-21,
1970-01-28,
1970-02-04,
1970-02-11,
1970-02-18,
1970-02-25,
1970-03-04,
1970-03-11,
1970-03-18,
1970-03-25,
1970-04-01,
1970-04-08,
1970-04-15,
1970-04-22,
1970-04-29,
1970-05-06,
1970-05-13,
1970-05-20,
1970-05-27,
1970-06-03,
1970-06-10,
1970-06-17,
1970-06-24,
1970-07-01,
1970-07-08,
1970-07-15,
1970-07-22,
1970-07-29,
1970-08-05,
1970-08-12,
1970-08-19,
1970-08-26,
1970-09-02,
1970-09-09,
1970-09-16,
1970-09-23,
1970-09-30,
1970-10-07,
1970-10-14,
1970-10-21,
1970-10-28,
1970-11-04,
1970-11-11,
1970-11-18,
1970-11-25,
1970-12-02,
1970-12-09,
1970-12-16,
1970-12-23,
1970-12-30,
1971-01-06,
1971-01-13,
1971-01-20,
1971-01-27,
1971-02-03,
1971-02-10,
1971-02-17,
1971-02-24,
1971-03-03,
1971-03-10,
1971-03-17,
1971-03-24,
1971-03-31,
1971-04-07,
1971-04-14,
1971-04-21,
1971-04-28,
1971-05-05,
1971-05-12,
1971-05-19,
1971-05-26,
1971-06-02,
1971-06-09,
1971-06-16,
1971-06-23,
1971-06-30,
1971-07-07,
1971-07-14,
1971-07-21,
1971-07-28,
1971-08-04,
1971-08-11,
1971-08-18,
1971-08-25,
1971-09-01,
1971-09-08,
1971-09-15,
1971-09-22,
1971-09-29,
1971-10-06,
1971-10-13,
1971-10-20,
1971-10-27,
1971-11-03,
1971-11-10,
1971-11-17,
1971-11-24,
1971-12-01,
1971-12-08,
1971-12-15,
1971-12-22,
1971-12-29,
1972-01-05,
1972-01-12,
1972-01-19,
1972-01-26,
1972-02-02,
1972-02-09,
1972-02-16,
1972-02-23,
1972-03-01,
1972-03-08,
1972-03-15,
1972-03-22,
1972-03-29,
1972-04-05,
1972-04-12,
1972-04-19,
1972-04-26,
1972-05-03,
1972-05-10,
1972-05-17,
1972-05-24,
1972-05-31,
1972-06-07,
1972-06-14,
1972-06-21,
1972-06-28,
1972-07-05,
1972-07-12,
1972-07-19,
1972-07-26,
1972-08-02,
1972-08-09,
1972-08-16,
1972-08-23,
1972-08-30,
1972-09-06,
1972-09-13,
1972-09-20,
1972-09-27,
1972-10-04,
1972-10-11,
1972-10-18,
1972-10-25,
1972-11-01,
1972-11-08,
1972-11-15,
1972-11-22,
1972-11-29,
1972-12-06,
1972-12-13,
1972-12-20,
1972-12-27,
1973-01-03,
1973-01-10,
1973-01-17,
1973-01-24,
1973-01-31,
1973-02-07,
1973-02-14,
1973-02-21,
1973-02-28,
1973-03-07,
1973-03-14,
1973-03-21,
1973-03-28,
1973-04-04,
1973-04-11,
1973-04-18,
1973-04-25,
1973-05-02,
1973-05-09,
1973-05-16,
1973-05-23,
1973-05-30,
1973-06-06,
1973-06-13,
1973-06-20,
1973-06-27,
1973-07-04,
1973-07-11,
1973-07-18,
1973-07-25,
1973-08-01,
1973-08-08,
1973-08-15,
1973-08-22,
1973-08-29,
1973-09-05,
1973-09-12,
1973-09-19,
1973-09-26,
1973-10-03,
1973-10-10,
1973-10-17,
1973-10-24,
1973-10-31,
1973-11-07,
1973-11-14,
1973-11-21,
1973-11-28,
1973-12-05,
1973-12-12,
1973-12-19,
1973-12-26,
1974-01-02,
1974-01-09,
1974-01-16,
1974-01-23,
1974-01-30,
1974-02-06,
1974-02-13,
1974-02-20,
1974-02-27,
1974-03-06,
1974-03-13,
1974-03-20,
1974-03-27,
1974-04-03,
1974-04-10,
1974-04-17,
1974-04-24,
1974-05-01,
1974-05-08,
1974-05-15,
1974-05-22,
1974-05-29,
1974-06-05,
1974-06-12,
1974-06-19,
1974-06-26,
1974-07-03,
1974-07-10,
1974-07-17,
1974-07-24,
1974-07-31,
1974-08-07,
1974-08-14,
1974-08-21,
1974-08-28,
1974-09-04,
1974-09-11,
1974-09-18,
1974-09-25,
1974-10-02,
1974-10-09,
1974-10-16,
1974-10-23,
1974-10-30,
1974-11-06,
1974-11-13,
1974-11-20,
1974-11-27,
1974-12-04,
1974-12-11,
1974-12-18,
1974-12-25,
1975-01-01,
1975-01-08,
1975-01-15,
1975-01-22,
1975-01-29,
1975-02-05,
1975-02-12,
1975-02-19,
1975-02-26,
1975-03-05,
1975-03-12,
1975-03-19,
1975-03-26,
1975-04-02,
1975-04-09,
1975-04-16,
1975-04-23,
1975-04-30,
1975-05-07,
1975-05-14,
1975-05-21,
1975-05-28,
1975-06-04,
1975-06-11,
1975-06-18,
1975-06-25,
1975-07-02,
1975-07-09,
1975-07-16,
1975-07-23,
1975-07-30,
1975-08-06,
1975-08-13,
1975-08-20,
1975-08-27,
1975-09-03,
1975-09-10,
1975-09-17,
1975-09-24,
1975-10-01,
1975-10-08,
1975-10-15,
1975-10-22,
1975-10-29,
1975-11-05,
1975-11-12,
1975-11-19,
1975-11-26,
1975-12-03,
1975-12-10,
1975-12-17,
1975-12-24,
1975-12-31,
1976-01-07,
1976-01-14,
1976-01-21,
1976-01-28,
1976-02-04,
1976-02-11,
1976-02-18,
1976-02-25,
1976-03-03,
1976-03-10,
1976-03-17,
1976-03-24,
1976-03-31,
1976-04-07,
1976-04-14,
1976-04-21,
1976-04-28,
1976-05-05,
1976-05-12,
1976-05-19,
1976-05-26,
1976-06-02,
1976-06-09,
1976-06-16,
1976-06-23,
1976-06-30,
1976-07-07,
1976-07-14,
1976-07-21,
1976-07-28,
1976-08-04,
1976-08-11,
1976-08-18,
1976-08-25,
1976-09-01,
1976-09-08,
1976-09-15,
1976-09-22,
1976-09-29,
1976-10-06,
1976-10-13,
1976-10-20,
1976-10-27,
1976-11-03,
1976-11-10,
1976-11-17,
1976-11-24,
1976-12-01,
1976-12-08,
1976-12-15,
1976-12-22,
1976-12-29,
1977-01-05,
1977-01-12,
1977-01-19,
1977-01-26,
1977-02-02,
1977-02-09,
1977-02-16,
1977-02-23,
1977-03-02,
1977-03-09,
1977-03-16,
1977-03-23,
1977-03-30,
1977-04-06,
1977-04-13,
1977-04-20,
1977-04-27,
1977-05-04,
1977-05-11,
1977-05-18,
1977-05-25,
1977-06-01,
1977-06-08,
1977-06-15,
1977-06-22,
1977-06-29,
1977-07-06,
1977-07-13,
1977-07-20,
1977-07-27,
1977-08-03,
1977-08-10,
1977-08-17,
1977-08-24,
1977-08-31,
1977-09-07,
1977-09-14,
1977-09-21,
1977-09-28,
1977-10-05,
1977-10-12,
1977-10-19,
1977-10-26,
1977-11-02,
1977-11-09,
1977-11-16,
1977-11-23,
1977-11-30,
1977-12-07,
1977-12-14,
1977-12-21,
1977-12-28,
1978-01-04,
1978-01-11,
1978-01-18,
1978-01-25,
1978-02-01,
1978-02-08,
1978-02-15,
1978-02-22,
1978-03-01,
1978-03-08,
1978-03-15,
1978-03-22,
1978-03-29,
1978-04-05,
1978-04-12,
1978-04-19,
1978-04-26,
1978-05-03,
1978-05-10,
1978-05-17,
1978-05-24,
1978-05-31,
1978-06-07,
1978-06-14,
1978-06-21,
1978-06-28,
1978-07-05,
1978-07-12,
1978-07-19,
1978-07-26,
1978-08-02,
1978-08-09,
1978-08-16,
1978-08-23,
1978-08-30,
1978-09-06,
1978-09-13,
1978-09-20,
1978-09-27,
1978-10-04,
1978-10-11,
1978-10-18,
1978-10-25,
1978-11-01,
1978-11-08,
1978-11-15,
1978-11-22,
1978-11-29,
1978-12-06,
1978-12-13,
1978-12-20,
1978-12-27,
1979-01-03,
1979-01-10,
1979-01-17,
1979-01-24,
1979-01-31,
1979-02-07,
1979-02-14,
1979-02-21,
1979-02-28,
1979-03-07,
1979-03-14,
1979-03-21,
1979-03-28,
1979-04-04,
1979-04-11,
1979-04-18,
1979-04-25,
1979-05-02,
1979-05-09,
1979-05-16,
1979-05-23,
1979-05-30,
1979-06-06,
1979-06-13,
1979-06-20,
1979-06-27,
1979-07-04,
1979-07-11,
1979-07-18,
1979-07-25,
1979-08-01,
1979-08-08,
1979-08-15,
1979-08-22,
1979-08-29,
1979-09-05,
1979-09-12,
1979-09-19,
1979-09-26,
1979-10-03,
1979-10-10,
1979-10-17,
1979-10-24,
1979-10-31,
1979-11-07,
1979-11-14,
1979-11-21,
1979-11-28,
1979-12-05,
1979-12-12,
1979-12-19,
1979-12-26,
1980-01-02,
1980-01-09,
1980-01-16,
1980-01-23,
1980-01-30,
1980-02-06,
1980-02-13,
1980-02-20,
1980-02-27,
1980-03-05,
1980-03-12,
1980-03-19,
1980-03-26,
1980-04-02,
1980-04-09,
1980-04-16,
1980-04-23,
1980-04-30,
1980-05-07,
1980-05-14,
1980-05-21,
1980-05-28,
1980-06-04,
1980-06-11,
1980-06-18,
1980-06-25,
1980-07-02,
1980-07-09,
1980-07-16,
1980-07-23,
1980-07-30,
1980-08-06,
1980-08-13,
1980-08-20,
1980-08-27,
1980-09-03,
1980-09-10,
1980-09-17,
1980-09-24,
1980-10-01,
1980-10-08,
1980-10-15,
1980-10-22,
1980-10-29,
1980-11-05,
1980-11-12,
1980-11-19,
1980-11-26,
1980-12-03,
1980-12-10,
1980-12-17,
1980-12-24,
1980-12-31,
1981-01-07,
1981-01-14,
1981-01-21,
1981-01-28,
1981-02-04,
1981-02-11,
1981-02-18,
1981-02-25,
1981-03-04,
1981-03-11,
1981-03-18,
1981-03-25,
1981-04-01,
1981-04-08,
1981-04-15,
1981-04-22,
1981-04-29,
1981-05-06,
1981-05-13,
1981-05-20,
1981-05-27,
1981-06-03,
1981-06-10,
1981-06-17,
1981-06-24,
1981-07-01,
1981-07-08,
1981-07-15,
1981-07-22,
1981-07-29,
1981-08-05,
1981-08-12,
1981-08-19,
1981-08-26,
1981-09-02,
1981-09-09,
1981-09-16,
1981-09-23,
1981-09-30,
1981-10-07,
1981-10-14,
1981-10-21,
1981-10-28,
1981-11-04,
1981-11-11,
1981-11-18,
1981-11-25,
1981-12-02,
1981-12-09,
1981-12-16,
1981-12-23,
1981-12-30,
1982-01-06,
1982-01-13,
1982-01-20,
1982-01-27,
1982-02-03,
1982-02-10,
1982-02-17,
1982-02-24,
1982-03-03,
1982-03-10,
1982-03-17,
1982-03-24,
1982-03-31,
1982-04-07,
1982-04-14,
1982-04-21,
1982-04-28,
1982-05-05,
1982-05-12,
1982-05-19,
1982-05-26,
1982-06-02,
1982-06-09,
1982-06-16,
1982-06-23,
1982-06-30,
1982-07-07,
1982-07-14,
1982-07-21,
1982-07-28,
1982-08-04,
1982-08-11,
1982-08-18,
1982-08-25,
1982-09-01,
1982-09-08,
1982-09-15,
1982-09-22,
1982-09-29,
1982-10-06,
1982-10-13,
1982-10-20,
1982-10-27,
1982-11-03,
1982-11-10,
1982-11-17,
1982-11-24,
1982-12-01,
1982-12-08,
1982-12-15,
1982-12-22,
1982-12-29,
1983-01-05,
1983-01-12,
1983-01-19,
1983-01-26,
1983-02-02,
1983-02-09,
1983-02-16,
1983-02-23,
1983-03-02,
1983-03-09,
1983-03-16,
1983-03-23,
1983-03-30,
1983-04-06,
1983-04-13,
1983-04-20,
1983-04-27,
1983-05-04,
1983-05-11,
1983-05-18,
1983-05-25,
1983-06-01,
1983-06-08,
1983-06-15,
1983-06-22,
1983-06-29,
1983-07-06,
1983-07-13,
1983-07-20,
1983-07-27,
1983-08-03,
1983-08-10,
1983-08-17,
1983-08-24,
1983-08-31,
1983-09-07,
1983-09-14,
1983-09-21,
1983-09-28,
1983-10-05,
1983-10-12,
1983-10-19,
1983-10-26,
1983-11-02,
1983-11-09,
1983-11-16,
1983-11-23,
1983-11-30,
1983-12-07,
1983-12-14,
1983-12-21,
1983-12-28,
1984-01-04,
1984-01-11,
1984-01-18,
1984-01-25,
1984-02-01,
1984-02-08,
1984-02-15,
1984-02-22,
1984-02-29,
1984-03-07,
1984-03-14,
1984-03-21,
1984-03-28,
1984-04-04,
1984-04-11,
1984-04-18,
1984-04-25,
1984-05-02,
1984-05-09,
1984-05-16,
1984-05-23,
1984-05-30,
1984-06-06,
1984-06-13,
1984-06-20,
1984-06-27,
1984-07-04,
1984-07-11,
1984-07-18,
1984-07-25,
1984-08-01,
1984-08-08,
1984-08-15,
1984-08-22,
1984-08-29,
1984-09-05,
1984-09-12,
1984-09-19,
1984-09-26,
1984-10-03,
1984-10-10,
1984-10-17,
1984-10-24,
1984-10-31,
1984-11-07,
1984-11-14,
1984-11-21,
1984-11-28,
1984-12-05,
1984-12-12,9.34
1984-12-19,8.7875
1984-12-26,8.625499999999999
1985-01-02,8.725
1985-01-09,8.551
1985-01-16,8.538
1985-01-23,8.39
1985-01-30,8.514000000000001
1985-02-06,8.901
1985-02-13,9.076500000000001
1985-02-20,9.128
1985-02-27,9.401
1985-03-06,9.689
1985-03-13,9.4245
1985-03-20,9.3515
1985-03-27,9.239
1985-04-03,9.115200000000002
1985-04-10,9.0655
1985-04-17,8.826
1985-04-24,8.5515
1985-05-01,8.678
1985-05-08,8.488
1985-05-15,8.327000000000002
1985-05-22,8.111500000000001
1985-05-29,7.862
1985-06-05,7.575
1985-06-12,7.6248000000000005
1985-06-19,7.537999999999999
1985-06-26,7.8515
1985-07-03,7.8759999999999994
1985-07-10,7.823500000000001
1985-07-17,7.914
1985-07-24,8.187999999999999
1985-07-31,8.249
1985-08-07,8.200999999999999
1985-08-14,8.116000000000001
1985-08-21,8.088000000000001
1985-08-28,8.101500000000001
1985-09-04,8.175999999999998
1985-09-11,8.366
1985-09-18,8.312000000000001
1985-09-25,8.214
1985-10-02,8.162899999999999
1985-10-09,8.212
1985-10-16,8.25
1985-10-23,8.200999999999999
1985-10-30,8.214
1985-11-06,8.146
1985-11-13,8.138
1985-11-20,8.148000000000001
1985-11-27,8.153
1985-12-04,8.2245
1985-12-11,8.1625
1985-12-18,7.9375
1985-12-25,8.025
1986-01-01,8.0385
1986-01-08,8.0625
1986-01-15,8.2375
1986-01-22,8.15
1986-01-29,8.1
1986-02-05,8.025
1986-02-12,8.0625
1986-02-19,8.0125
1986-02-26,7.97375
1986-03-05,7.825
1986-03-12,7.4875
1986-03-19,7.5125
1986-03-26,7.5375
1986-04-02,7.325
1986-04-09,7.1375
1986-04-16,6.775
1986-04-23,6.72334
1986-04-30,6.925
1986-05-07,6.8875
1986-05-14,6.9125
1986-05-21,7.075
1986-05-28,7.0
1986-06-04,7.1625
1986-06-11,7.15
1986-06-18,7.0125
1986-06-25,6.9875
1986-07-02,6.9126
1986-07-09,6.825
1986-07-16,6.6
1986-07-23,6.5375
1986-07-30,6.5875
1986-08-06,6.4875
1986-08-13,6.3875
1986-08-20,6.1625
1986-08-27,5.875
1986-09-03,5.6625
1986-09-10,5.9375
1986-09-17,6.0525
1986-09-24,6.1125
1986-10-01,6.1
1986-10-08,5.8875
1986-10-15,5.9125
1986-10-22,6.0875
1986-10-29,6.01
1986-11-05,5.975
1986-11-12,6.08
1986-11-19,6.057499999999999
1986-11-26,6.0675
1986-12-03,6.1625
1986-12-10,6.175
1986-12-17,6.2875
1986-12-24,6.65
1986-12-31,6.5625
1987-01-07,6.3
1987-01-14,6.175
1987-01-21,6.175
1987-01-28,6.225
1987-02-04,6.275
1987-02-11,6.3625
1987-02-18,6.55
1987-02-25,6.475
1987-03-04,6.4375
1987-03-11,6.4625
1987-03-18,6.5
1987-03-25,6.4875
1987-04-01,6.6
1987-04-08,6.5875
1987-04-15,6.852500000000001
1987-04-22,6.9
1987-04-29,7.090000000000001
1987-05-06,7.225
1987-05-13,7.2125
1987-05-20,7.45
1987-05-27,7.6125
1987-06-03,7.3875
1987-06-10,7.275
1987-06-17,7.175
1987-06-24,7.1875
1987-07-01,7.2125
1987-07-08,7.0625
1987-07-15,6.9625
1987-07-22,6.922499999999999
1987-07-29,7.0375
1987-08-05,7.1125
1987-08-12,7.0
1987-08-19,6.9975
1987-08-26,7.05
1987-09-02,7.25
1987-09-09,7.45
1987-09-16,7.675
1987-09-23,7.6625
1987-09-30,7.9
1987-10-07,8.3625
1987-10-14,8.725
1987-10-21,8.975
1987-10-28,7.85
1987-11-04,7.675
1987-11-11,7.35
1987-11-18,7.4875
1987-11-25,7.5125
1987-12-02,7.825
1987-12-09,7.9625
1987-12-16,8.25
1987-12-23,8.0125
1987-12-30,7.8375
1988-01-06,7.375
1988-01-13,7.325
1988-01-20,7.278126
1988-01-27,7.125
1988-02-03,6.9
1988-02-10,6.825
1988-02-17,6.775
1988-02-24,6.9
1988-03-02,6.825
1988-03-09,6.825
1988-03-16,6.8625
1988-03-23,6.8625
1988-03-30,6.9125
1988-04-06,7.025
1988-04-13,7.1125
1988-04-20,7.2
1988-04-27,7.2625
1988-05-04,7.3125
1988-05-11,7.4125
1988-05-18,7.5125
1988-05-25,7.5375
1988-06-01,7.7125
1988-06-08,7.725
1988-06-15,7.6375
1988-06-22,7.7375
1988-06-29,7.8
1988-07-06,7.9125
1988-07-13,8.1
1988-07-20,8.3125
1988-07-27,8.325
1988-08-03,8.3875
1988-08-10,8.4125
1988-08-17,8.7375
1988-08-24,8.7125
1988-08-31,8.6875
1988-09-07,8.5375
1988-09-14,8.3875
1988-09-21,8.325
1988-09-28,8.375
1988-10-05,8.6125
1988-10-12,8.6
1988-10-19,8.625
1988-10-26,8.6875
1988-11-02,8.625
1988-11-09,8.725
1988-11-16,8.95
1988-11-23,9.175
1988-11-30,9.3375
1988-12-07,9.325
1988-12-14,9.4375
1988-12-21,9.5375
1988-12-28,9.4
1989-01-04,9.510499999999999
1989-01-11,9.4375
1989-01-18,9.4375
1989-01-25,9.375
1989-02-01,9.3875
1989-02-08,9.45
1989-02-15,9.7
1989-02-22,9.775
1989-03-01,10.1625
1989-03-08,10.1375
1989-03-15,10.2375
1989-03-22,10.425
1989-03-29,10.4375
1989-04-05,10.2625
1989-04-12,10.2625
1989-04-19,10.1875
1989-04-26,10.1
1989-05-03,10.0375
1989-05-10,9.975
1989-05-17,9.7875
1989-05-24,9.5625
1989-05-31,9.65
1989-06-07,9.475
1989-06-14,9.325
1989-06-21,9.425
1989-06-28,9.4375
1989-07-05,9.3
1989-07-12,9.025
1989-07-19,8.9375
1989-07-26,8.9625
1989-08-02,8.6
1989-08-09,8.65
1989-08-16,8.8625
1989-08-23,8.9625
1989-08-30,8.9625
1989-09-06,9.0
1989-09-13,8.95
1989-09-20,8.875
1989-09-27,8.975
1989-10-04,9.1375
1989-10-11,8.9625
1989-10-18,8.6625
1989-10-25,8.6875
1989-11-01,8.675
1989-11-08,8.75
1989-11-15,8.55
1989-11-22,8.4625
1989-11-29,8.4125
1989-12-06,8.45
1989-12-13,8.525
1989-12-20,8.6
1989-12-27,8.525
1990-01-03,8.375
1990-01-10,8.325
1990-01-17,8.3375
1990-01-24,8.375
1990-01-31,8.375
1990-02-07,8.375
1990-02-14,8.3625
1990-02-21,8.375
1990-02-28,8.375
1990-03-07,8.4375
1990-03-14,8.5
1990-03-21,8.5375
1990-03-28,8.5
1990-04-04,8.525
1990-04-11,8.5
1990-04-18,8.5
1990-04-25,8.625
1990-05-02,8.6625
1990-05-09,8.5125
1990-05-16,8.3875
1990-05-23,8.4125
1990-05-30,8.375
1990-06-06,8.35
1990-06-13,8.3375
1990-06-20,8.35
1990-06-27,8.3625
1990-07-04,8.3375
1990-07-11,8.375
1990-07-18,8.2
1990-07-25,8.125
1990-08-01,8.025
1990-08-08,8.0
1990-08-15,8.0625
1990-08-22,8.2
1990-08-29,8.2625
1990-09-05,8.075
1990-09-12,8.0875
1990-09-19,8.1625
1990-09-26,8.375
1990-10-03,8.2
1990-10-10,8.225
1990-10-17,8.2625
1990-10-24,8.15
1990-10-31,8.0625
1990-11-07,8.075
1990-11-14,8.125
1990-11-21,8.125
1990-11-28,8.35
1990-12-05,8.2885
1990-12-12,7.7625
1990-12-19,7.875
1990-12-26,7.9875
1991-01-02,7.601999999999999
1991-01-09,7.478
1991-01-16,7.464
1991-01-23,7.302000000000001
1991-01-30,7.05
1991-02-06,6.7780000000000005
1991-02-13,6.616000000000001
1991-02-20,6.6405
1991-02-27,6.828
1991-03-06,6.889999999999999
1991-03-13,6.6
1991-03-20,6.465000000000001
1991-03-27,6.4879999999999995
1991-04-03,6.402000000000001
1991-04-10,6.215999999999999
1991-04-17,6.138
1991-04-24,6.226000000000001
1991-05-01,6.162
1991-05-08,6.023999999999999
1991-05-15,6.101999999999999
1991-05-22,6.06
1991-05-29,6.06
1991-06-05,6.114
1991-06-12,6.25
1991-06-19,6.2125
1991-06-26,6.175
1991-07-03,6.1875
1991-07-10,6.1375
1991-07-17,6.0875
1991-07-24,6.0625
1991-07-31,6.025
1991-08-07,5.85
1991-08-14,5.6625
1991-08-21,5.6625
1991-08-28,5.65
1991-09-04,5.7
1991-09-11,5.6375
1991-09-18,5.475
1991-09-25,5.475
1991-10-02,5.5625
1991-10-09,5.45
1991-10-16,5.375
1991-10-23,5.425
1991-10-30,5.3875
1991-11-06,5.175
1991-11-13,5.025
1991-11-20,5.0375
1991-11-27,4.9375
1991-12-04,4.9375
1991-12-11,4.7125
1991-12-18,4.5625
1991-12-25,4.4125
1992-01-01,4.3125
1992-01-08,4.1125
1992-01-15,4.1375
1992-01-22,4.2125
1992-01-29,4.2125
1992-02-05,4.175
1992-02-12,4.025
1992-02-19,4.1625
1992-02-26,4.2875
1992-03-04,4.2875
1992-03-11,4.3625
1992-03-18,4.4125
1992-03-25,4.4
1992-04-01,4.3375
1992-04-08,4.275
1992-04-15,4.1125
1992-04-22,4.1
1992-04-29,4.0875
1992-05-06,4.075
1992-05-13,3.9
1992-05-20,3.8625
1992-05-27,4.0
1992-06-03,4.025
1992-06-10,4.025
1992-06-17,3.9875
1992-06-24,3.975
1992-07-01,3.9375
1992-07-08,3.625
1992-07-15,3.4625
1992-07-22,3.4375
1992-07-29,3.45
1992-08-05,3.4375
1992-08-12,3.425
1992-08-19,3.4
1992-08-26,3.4375
1992-09-02,3.5
1992-09-09,3.3125
1992-09-16,3.1625
1992-09-23,3.25
1992-09-30,3.25
1992-10-07,3.2
1992-10-14,3.375
1992-10-21,3.525
1992-10-28,3.575
1992-11-04,3.6
1992-11-11,3.65
1992-11-18,3.85
1992-11-25,3.8875
1992-12-02,3.9625
1992-12-09,3.75
1992-12-16,3.625
1992-12-23,3.525
1992-12-30,3.5
1993-01-06,3.425
1993-01-13,3.3875
1993-01-20,3.325
1993-01-27,3.3125
1993-02-03,3.3
1993-02-10,3.2625
1993-02-17,3.25
1993-02-24,3.1875
1993-03-03,3.1875
1993-03-10,3.225
1993-03-17,3.25
1993-03-24,3.25
1993-03-31,3.2625
1993-04-07,3.25
1993-04-14,3.25
1993-04-21,3.2375
1993-04-28,3.1875
1993-05-05,3.1875
1993-05-12,3.1875
1993-05-19,3.2375
1993-05-26,3.2875
1993-06-02,3.325
1993-06-09,3.35
1993-06-16,3.35
1993-06-23,3.325
1993-06-30,3.3375
1993-07-07,3.2875
1993-07-14,3.3125
1993-07-21,3.2625
1993-07-28,3.3125
1993-08-04,3.3125
1993-08-11,3.2625
1993-08-18,3.25
1993-08-25,3.25
1993-09-01,3.25
1993-09-08,3.2
1993-09-15,3.1875
1993-09-22,3.1875
1993-09-29,3.225
1993-10-06,3.375
1993-10-13,3.375
1993-10-20,3.375
1993-10-27,3.4
1993-11-03,3.4625
1993-11-10,3.5
1993-11-17,3.475
1993-11-24,3.5
1993-12-01,3.5
1993-12-08,3.475
1993-12-15,3.3625
1993-12-22,3.2875
1993-12-29,3.325
1994-01-05,3.375
1994-01-12,3.2875
1994-01-19,3.25
1994-01-26,3.25
1994-02-02,3.2625
1994-02-09,3.4875
1994-02-16,3.5625
1994-02-23,3.6
1994-03-02,3.7625
1994-03-09,3.8625
1994-03-16,3.875
1994-03-23,3.925
1994-03-30,3.8875
1994-04-06,3.975
1994-04-13,4.0
1994-04-20,4.125
1994-04-27,4.25
1994-05-04,4.3375
1994-05-11,4.7125
1994-05-18,4.75
1994-05-25,4.6
1994-06-01,4.625
1994-06-08,4.5875
1994-06-15,4.575
1994-06-22,4.6
1994-06-29,4.75
1994-07-06,4.925
1994-07-13,4.9
1994-07-20,4.7875
1994-07-27,4.8125
1994-08-03,4.8375
1994-08-10,4.825
1994-08-17,4.9375
1994-08-24,5.0
1994-08-31,4.9875
1994-09-07,5.0
1994-09-14,5.0375
1994-09-21,5.0875
1994-09-28,5.25
1994-10-05,5.5375
1994-10-12,5.65
1994-10-19,5.5875
1994-10-26,5.6375
1994-11-02,5.6625
1994-11-09,5.7875
1994-11-16,5.8375
1994-11-23,5.975
1994-11-30,6.0125
1994-12-07,6.35
1994-12-14,6.4
1994-12-21,6.35
1994-12-28,6.3875
1995-01-04,6.5
1995-01-11,6.392188
1995-01-18,6.2375
1995-01-25,6.3375
1995-02-01,6.3125
1995-02-08,6.275
1995-02-15,6.275
1995-02-22,6.25
1995-03-01,6.234376
1995-03-08,6.2875
1995-03-15,6.2875
1995-03-22,6.25
1995-03-29,6.260938
1995-04-05,6.275
1995-04-12,6.25
1995-04-19,6.25
1995-04-26,6.2
1995-05-03,6.1875
1995-05-10,6.1
1995-05-17,6.125
1995-05-24,6.125
1995-05-31,6.0625
1995-06-07,5.9625
1995-06-14,6.045312
1995-06-21,6.03125
1995-06-28,5.975
1995-07-05,6.011718
1995-07-12,5.877344
1995-07-19,5.85
1995-07-26,5.910156
1995-08-02,5.883594
1995-08-09,5.875
1995-08-16,5.913282000000001
1995-08-23,5.9375
1995-08-30,5.896876000000001
1995-09-06,5.876562
1995-09-13,5.875
1995-09-20,5.824218
1995-09-27,5.852344
1995-10-04,5.940626
1995-10-11,5.9375
1995-10-18,5.9375
1995-10-25,5.9375
1995-11-01,5.9375
1995-11-08,5.88125
1995-11-15,5.875
1995-11-22,5.869532
1995-11-29,5.872656
1995-12-06,5.828126
1995-12-13,5.810936
1995-12-20,5.783594
1995-12-27,5.681252
1996-01-03,5.625782
1996-01-10,5.6
1996-01-17,5.58047
1996-01-24,5.5093760000000005
1996-01-31,5.448438
1996-02-07,5.310156
1996-02-14,5.267968
1996-02-21,5.258594
1996-02-28,5.2578119999999995
1996-03-06,5.289846000000001
1996-03-13,5.369529999999999
1996-03-20,5.431252
1996-03-27,5.4375
1996-04-03,5.467188
1996-04-10,5.492186
1996-04-17,5.5117199999999995
1996-04-24,5.489846000000001
1996-05-01,5.489064000000001
1996-05-08,5.510935999999999
1996-05-15,5.496094
1996-05-22,5.49375
1996-05-29,5.489064000000001
1996-06-05,5.520314000000001
1996-06-12,5.5710939999999995
1996-06-19,5.583594
1996-06-26,5.56797
1996-07-03,5.58047
1996-07-10,5.641406
1996-07-17,5.676562
1996-07-24,5.632032000000001
1996-07-31,5.650782
1996-08-07,5.569529999999999
1996-08-14,5.514844
1996-08-21,5.5
1996-08-28,5.504689999999999
1996-09-04,5.597656
1996-09-11,5.6375
1996-09-18,5.6
1996-09-25,5.621876
1996-10-02,5.611718
1996-10-09,5.559376
1996-10-16,5.539064000000001
1996-10-23,5.53125
1996-10-30,5.525
1996-11-06,5.5
1996-11-13,5.5
1996-11-20,5.5
1996-11-27,5.5
1996-12-04,5.5
1996-12-11,5.5289079999999995
1996-12-18,5.5546880000000005
1996-12-25,5.59375
1997-01-01,5.579688
1997-01-08,5.5625
1997-01-15,5.575
1997-01-22,5.5625
1997-01-29,5.5625
1997-02-05,5.5625
1997-02-12,5.522658000000001
1997-02-19,5.483594
1997-02-26,5.4812520000000005
1997-03-05,5.548438
1997-03-12,5.5625
1997-03-19,5.601564000000001
1997-03-26,5.721876
1997-04-02,5.789064
1997-04-09,5.814064
1997-04-16,5.834376000000001
1997-04-23,5.835158
1997-04-30,5.843750000000001
1997-05-07,5.817188
1997-05-14,5.81875
1997-05-21,5.83125
1997-05-28,5.809376
1997-06-04,5.8125
1997-06-11,5.811718
1997-06-18,5.7875
1997-06-25,5.78125
1997-07-02,5.786718
1997-07-09,5.75625
1997-07-16,5.75
1997-07-23,5.742967999999999
1997-07-30,5.71875
1997-08-06,5.710156
1997-08-13,5.7375
1997-08-20,5.727344
1997-08-27,5.721094
1997-09-03,5.722658
1997-09-10,5.71875
1997-09-17,5.71875
1997-09-24,5.71875
1997-10-01,5.751562
1997-10-08,5.732812
1997-10-15,5.753126
1997-10-22,5.797656
1997-10-29,5.7875
1997-11-05,5.754688
1997-11-12,5.801562
1997-11-19,5.875
1997-11-26,5.875
1997-12-03,5.908594
1997-12-10,5.93125
1997-12-17,5.9125
1997-12-24,5.90625
1997-12-31,5.86875
1998-01-07,5.7625
1998-01-14,5.628126
1998-01-21,5.619532
1998-01-28,5.625
1998-02-04,5.630468
1998-02-11,5.625782
1998-02-18,5.625
1998-02-25,5.6375020000000005
1998-03-04,5.68125
1998-03-11,5.6875
1998-03-18,5.686718
1998-03-25,5.6875
1998-04-01,5.6968760000000005
1998-04-08,5.678126
1998-04-15,5.66875
1998-04-22,5.6875
1998-04-29,5.7
1998-05-06,5.6976580000000006
1998-05-13,5.689064
1998-05-20,5.696873999999999
1998-05-27,5.692190000000001
1998-06-03,5.6875
1998-06-10,5.6875
1998-06-17,5.6875
1998-06-24,5.6875
1998-07-01,5.696094
1998-07-08,5.6875
1998-07-15,5.6875
1998-07-22,5.6875
1998-07-29,5.6875
1998-08-05,5.6875
1998-08-12,5.6875
1998-08-19,5.6875
1998-08-26,5.6875
1998-09-02,5.625
1998-09-09,5.592188
1998-09-16,5.5125
1998-09-23,5.5
1998-09-30,5.3375
1998-10-07,5.32578
1998-10-14,5.345594
1998-10-21,5.227752000000001
1998-10-28,5.214907999999999
1998-11-04,5.270158
1998-11-11,5.3943460000000005
1998-11-18,5.372126
1998-11-25,5.25
1998-12-02,5.269188000000001
1998-12-09,5.238656000000001
1998-12-16,5.224938
1998-12-23,5.240437999999999
1998-12-30,5.241972
1999-01-06,5.062438
1999-01-13,5.046188000000001
1999-01-20,4.9776240000000005
1999-01-27,4.968752
1999-02-03,4.971126
1999-02-10,4.9906880000000005
1999-02-17,5.0
1999-02-24,5.00075
1999-03-03,5.027532
1999-03-10,5.0280000000000005
1999-03-17,5.0
1999-03-24,5.0
1999-03-31,5.0
1999-04-07,5.0
1999-04-14,5.0
1999-04-21,5.0
1999-04-28,4.99625
1999-05-05,4.9945
1999-05-12,5.0
1999-05-19,5.0215000000000005
1999-05-26,5.046626
1999-06-02,5.069999999999999
1999-06-09,5.0977500000000004
1999-06-16,5.151000000000001
1999-06-23,5.18475
1999-06-30,5.319999999999999
1999-07-07,5.3084999999999996
1999-07-14,5.31
1999-07-21,5.305749999999999
1999-07-28,5.30675
1999-08-04,5.352500000000001
1999-08-11,5.4095
1999-08-18,5.468500000000001
1999-08-25,5.487128
1999-09-01,5.508
1999-09-08,5.51775
1999-09-15,5.512749999999999
1999-09-22,5.513000000000001
1999-09-29,5.623749999999999
1999-10-06,6.11725
1999-10-13,6.1754999999999995
1999-10-20,6.199876000000001
1999-10-27,6.21175
1999-11-03,6.173
1999-11-10,6.090249999999999
1999-11-17,6.0765
1999-11-24,6.101876
1999-12-01,6.11175
1999-12-08,6.121
1999-12-15,6.1245
1999-12-22,6.162
1999-12-29,6.14725
2000-01-05,6.01525
2000-01-12,6.031126
2000-01-19,6.03775
2000-01-26,6.04
2000-02-02,6.0715
2000-02-09,6.097500000000001
2000-02-16,6.093
2000-02-23,6.106
2000-03-01,6.10625
2000-03-08,6.123126
2000-03-15,6.15325
2000-03-22,6.2235000000000005
2000-03-29,6.2685
2000-04-05,6.28625
2000-04-12,6.279000000000001
2000-04-19,6.289499999999999
2000-04-26,6.332628
2000-05-03,6.513000000000001
2000-05-10,6.69225
2000-05-17,6.756749999999999
2000-05-24,6.819750000000001
2000-05-31,6.836499999999999
2000-06-07,6.82
2000-06-14,6.804500000000002
2000-06-21,6.768126
2000-06-28,6.774376000000001
2000-07-05,6.762626
2000-07-12,6.735250000000001
2000-07-19,6.736750000000001
2000-07-26,6.71975
2000-08-02,6.717126
2000-08-09,6.698626
2000-08-16,6.685749999999999
2000-08-23,6.6899999999999995
2000-08-30,6.68
2000-09-06,6.662752
2000-09-13,6.659999999999999
2000-09-20,6.65975
2000-09-27,6.659999999999999
2000-10-04,6.807126000000001
2000-10-11,6.801126000000001
2000-10-18,6.774502
2000-10-25,6.760249999999999
2000-11-01,6.758749999999999
2000-11-08,6.754627999999999
2000-11-15,6.759002
2000-11-22,6.752754
2000-11-29,6.7465
2000-12-06,6.676
2000-12-13,6.577499999999999
2000-12-20,6.530626000000001
2000-12-27,6.450376
2001-01-03,6.37125
2001-01-10,5.690250000000001
2001-01-17,5.71475
2001-01-24,5.60475
2001-01-31,5.53075
2001-02-07,5.403499999999999
2001-02-14,5.398999999999999
2001-02-21,5.391126
2001-02-28,5.199
2001-03-07,5.083
2001-03-14,5.04225
2001-03-21,4.8957500000000005
2001-03-28,4.8695
2001-04-04,4.85025
2001-04-11,4.77025
2001-04-18,4.794500000000001
2001-04-25,4.38225
2001-05-02,4.3275
2001-05-09,4.2045
2001-05-16,4.076876
2001-05-23,4.06325
2001-05-30,4.02325
2001-06-06,3.9480000000000004
2001-06-13,3.9065019999999997
2001-06-20,3.8046260000000003
2001-06-27,3.71675
2001-07-04,3.8207500000000003
2001-07-11,3.7939999999999996
2001-07-18,3.76175
2001-07-25,3.7037500000000003
2001-08-01,3.68125
2001-08-08,3.6475
2001-08-15,3.5747500000000003
2001-08-22,3.5355000000000003
2001-08-29,3.5144999999999995
2001-09-05,3.4808760000000007
2001-09-12,3.3765
2001-09-19,3.031626
2001-09-26,2.60175
2001-10-03,2.5765000000000002
2001-10-10,2.4565
2001-10-17,2.4295
2001-10-24,2.3577500000000002
2001-10-31,2.258
2001-11-07,2.1420000000000003
2001-11-14,2.0145
2001-11-21,2.1263759999999996
2001-11-28,2.147626
2001-12-05,2.0203759999999997
2001-12-12,1.943376
2001-12-19,1.89575
2001-12-26,1.90275
2002-01-02,1.8832499999999999
2002-01-09,1.860376
2002-01-16,1.7642519999999997
2002-01-23,1.78125
2002-01-30,1.8560000000000003
2002-02-06,1.9017500000000003
2002-02-13,1.8965
2002-02-20,1.9055
2002-02-27,1.905
2002-03-06,1.9122499999999998
2002-03-13,1.9762499999999998
2002-03-20,2.00275
2002-03-27,2.0342499999999997
2002-04-03,2.03125
2002-04-10,1.99575
2002-04-17,1.9739999999999998
2002-04-24,1.9417499999999996
2002-05-01,1.9204999999999999
2002-05-08,1.9112500000000001
2002-05-15,1.907
2002-05-22,1.9032499999999999
2002-05-29,1.8997499999999998
2002-06-05,1.8955000000000002
2002-06-12,1.889376
2002-06-19,1.8798780000000002
2002-06-26,1.867876
2002-07-03,1.8599999999999999
2002-07-10,1.8599999999999999
2002-07-17,1.859
2002-07-24,1.849126
2002-07-31,1.81875
2002-08-07,1.78
2002-08-14,1.7456260000000001
2002-08-21,1.7654999999999998
2002-08-28,1.7985
2002-09-04,1.802626
2002-09-11,1.798376
2002-09-18,1.8232499999999998
2002-09-25,1.800252
2002-10-02,1.7852519999999998
2002-10-09,1.7631260000000002
2002-10-16,1.7887499999999998
2002-10-23,1.8344999999999998
2002-10-30,1.778876
2002-11-06,1.64175
2002-11-13,1.3975000000000002
2002-11-20,1.417062
2002-11-27,1.4255
2002-12-04,1.422876
2002-12-11,1.41425
2002-12-18,1.41
2002-12-25,1.4
2003-01-01,1.388
2003-01-08,1.3852499999999999
2003-01-15,1.3757519999999999
2003-01-22,1.3649999999999998
2003-01-29,1.3446259999999999
2003-02-05,1.34975
2003-02-12,1.347876
2003-02-19,1.34
2003-02-26,1.34
2003-03-05,1.334126
2003-03-12,1.271188
2003-03-19,1.270876
2003-03-26,1.29
2003-04-02,1.2832500000000002
2003-04-09,1.2845
2003-04-16,1.303876
2003-04-23,1.32
2003-04-30,1.31
2003-05-07,1.29
2003-05-14,1.2882500000000001
2003-05-21,1.28175
2003-05-28,1.28
2003-06-04,1.2755
2003-06-11,1.193376
2003-06-18,1.07725
2003-06-25,1.0145000000000002
2003-07-02,1.11
2003-07-09,1.11
2003-07-16,1.1057520000000003
2003-07-23,1.11
2003-07-30,1.11125
2003-08-06,1.1348760000000002
2003-08-13,1.131376
2003-08-20,1.13
2003-08-27,1.1380000000000003
2003-09-03,1.141126
2003-09-10,1.1416880000000003
2003-09-17,1.1400000000000001
2003-09-24,1.1400000000000001
2003-10-01,1.15
2003-10-08,1.15
2003-10-15,1.1512499999999999
2003-10-22,1.168
2003-10-29,1.162878
2003-11-05,1.1683759999999999
2003-11-12,1.1761259999999998
2003-11-19,1.17225
2003-11-26,1.17
2003-12-03,1.176628
2003-12-10,1.17425
2003-12-17,1.1696259999999998
2003-12-24,1.17
2003-12-31,1.161876
2004-01-07,1.148376
2004-01-14,1.1280000000000001
2004-01-21,1.12
2004-01-28,1.12
2004-02-04,1.13025
2004-02-11,1.13
2004-02-18,1.120376
2004-02-25,1.12
2004-03-03,1.12
2004-03-10,1.1140000000000003
2004-03-17,1.11
2004-03-24,1.11
2004-03-31,1.11
2004-04-07,1.1280000000000001
2004-04-14,1.1403760000000003
2004-04-21,1.153626
2004-04-28,1.17
2004-05-05,1.1797499999999999
2004-05-12,1.2180000000000002
2004-05-19,1.2596260000000001
2004-05-26,1.288
2004-06-02,1.321376
2004-06-09,1.39425
2004-06-16,1.5247499999999998
2004-06-23,1.557752
2004-06-30,1.5925
2004-07-07,1.58775
2004-07-14,1.5979999999999996
2004-07-21,1.6324999999999998
2004-07-28,1.666376
2004-08-04,1.6967500000000002
2004-08-11,1.6960000000000002
2004-08-18,1.72225
2004-08-25,1.752
2004-09-01,1.79225
2004-09-08,1.8405
2004-09-15,1.878502
2004-09-22,1.9220000000000002
2004-09-29,1.972126
2004-10-06,2.0327499999999996
2004-10-13,2.060126
2004-10-20,2.07775
2004-10-27,2.113876
2004-11-03,2.1799999999999997
2004-11-10,2.2479999999999998
2004-11-17,2.304
2004-11-24,2.3608759999999998
2004-12-01,2.40375
2004-12-08,2.4455
2004-12-15,2.48825
2004-12-22,2.5222500000000005
2004-12-29,2.55175
2005-01-05,2.5697520000000003
2005-01-12,2.622
2005-01-19,2.668
2005-01-26,2.7005000000000003
2005-02-02,2.7445
2005-02-09,2.771002
2005-02-16,2.8028760000000004
2005-02-23,2.8601259999999997
2005-03-02,2.918
2005-03-09,2.96375
2005-03-16,3.0199999999999996
2005-03-23,3.0605
2005-03-30,3.0925
2005-04-06,3.121126
2005-04-13,3.136126
2005-04-20,3.14895
2005-04-27,3.1775019999999996
2005-05-04,3.213876
2005-05-11,3.2436999999999996
2005-05-18,3.271626
2005-05-25,3.295376
2005-06-01,3.3335
2005-06-08,3.365876
2005-06-15,3.4068759999999996
2005-06-22,3.445002
2005-06-29,3.484502
2005-07-06,3.5404999999999993
2005-07-13,3.5718759999999996
2005-07-20,3.6226260000000003
2005-07-27,3.664326
2005-08-03,3.7112519999999996
2005-08-10,3.763376
2005-08-17,3.797752
2005-08-24,3.829952
2005-08-31,3.864
2005-09-07,3.7960760000000002
2005-09-14,3.857002
2005-09-21,3.916002
2005-09-28,3.9922020000000003
2005-10-05,4.077252
2005-10-12,4.123626
2005-10-19,4.166328
2005-10-26,4.209126
2005-11-02,4.258752
2005-11-09,4.307002
2005-11-16,4.346076
2005-11-23,4.38125
2005-11-30,4.407376000000001
2005-12-07,4.450752
2005-12-14,4.48625
2005-12-21,4.500376
2005-12-28,4.52163
2006-01-04,4.537502
2006-01-11,4.5617
2006-01-18,4.60065
2006-01-25,4.625276
2006-02-01,4.6754999999999995
2006-02-08,4.715
2006-02-15,4.745876000000001
2006-02-22,4.772812
2006-03-01,4.8165
2006-03-08,4.86
2006-03-15,4.907375999999999
2006-03-22,4.937138
2006-03-29,4.964826
2006-04-05,5.002750000000001
2006-04-12,5.042714
2006-04-19,5.077066
2006-04-26,5.106626
2006-05-03,5.1408760000000004
2006-05-10,5.162502000000001
2006-05-17,5.171387999999999
2006-05-24,5.203002
2006-05-31,5.228503999999999
2006-06-07,5.2658760000000004
2006-06-14,5.319878
2006-06-21,5.423878
2006-06-28,5.48575
2006-07-05,5.488628
2006-07-12,5.5035
2006-07-19,5.503002
2006-07-26,5.495126000000001
2006-08-02,5.475752
2006-08-09,5.4538139999999995
2006-08-16,5.4118759999999995
2006-08-23,5.398002
2006-08-30,5.4
2006-09-06,5.3916260000000005
2006-09-13,5.39
2006-09-20,5.389376
2006-09-27,5.371563999999999
2006-10-04,5.370326
2006-10-11,5.370690000000001
2006-10-18,5.374002
2006-10-25,5.377252
2006-11-01,5.372752
2006-11-08,5.372642000000001
2006-11-15,5.374502000000001
2006-11-22,5.372126
2006-11-29,5.369876
2006-12-06,5.357626000000001
2006-12-13,5.357752
2006-12-20,5.364126000000001
2006-12-27,5.363376000000001
2007-01-03,5.36
2007-01-10,5.36
2007-01-17,5.360049999999999
2007-01-24,5.36
2007-01-31,5.36
2007-02-07,5.36
2007-02-14,5.36
2007-02-21,5.36
2007-02-28,5.357626000000001
2007-03-07,5.34075
2007-03-14,5.347976
2007-03-21,5.35
2007-03-28,5.348838000000001
2007-04-04,5.349876
2007-04-11,5.351999999999999
2007-04-18,5.357854
2007-04-25,5.355
2007-05-02,5.35525
2007-05-09,5.356752
2007-05-16,5.36
2007-05-23,5.36
2007-05-30,5.36
2007-06-06,5.36
2007-06-13,5.36
2007-06-20,5.36
2007-06-27,5.36
2007-07-04,5.36
2007-07-11,5.36
2007-07-18,5.36
2007-07-25,5.36
2007-08-01,5.358388
2007-08-08,5.36325
2007-08-15,5.5365
2007-08-22,5.499626
2007-08-29,5.513502
2007-09-05,5.657626
2007-09-12,5.711752
2007-09-19,5.552626
2007-09-26,5.202126
2007-10-03,5.2346260000000004
2007-10-10,5.247252
2007-10-17,5.217626
2007-10-24,5.1145000000000005
2007-10-31,4.951876
2007-11-07,4.882250000000001
2007-11-14,4.8765019999999994
2007-11-21,4.9701260000000005
2007-11-28,5.053252
2007-12-05,5.139252
2007-12-12,5.1176260000000005
2007-12-19,4.9468760000000005
2007-12-26,4.853750000000001
2008-01-02,4.7288760000000005
2008-01-09,4.551375999999999
2008-01-16,4.127625999999999
2008-01-23,3.7432500000000006
2008-01-30,3.2568759999999997
2008-02-06,3.128252
2008-02-13,3.077376
2008-02-20,3.070626
2008-02-27,3.087376
2008-03-05,3.031128
2008-03-12,2.9095
2008-03-19,2.656626
2008-03-26,2.6290000000000004
2008-04-02,2.6931260000000004
2008-04-09,2.7181260000000003
2008-04-16,2.716314
2008-04-23,2.897
2008-04-30,2.888314
2008-05-07,2.763252
2008-05-14,2.694878
2008-05-21,2.677376
2008-05-28,2.6446300000000003
2008-06-04,2.676754
2008-06-11,2.727628
2008-06-18,2.80275
2008-06-25,2.805004
2008-07-02,2.790752
2008-07-09,2.790752
2008-07-16,2.788754
2008-07-23,2.794502
2008-07-30,2.796752
2008-08-06,2.7976280000000004
2008-08-13,2.8037520000000002
2008-08-20,2.809752
2008-08-27,2.8100020000000003
2008-09-03,2.811502
2008-09-10,2.8166279999999997
2008-09-17,2.8785
2008-09-24,3.2597499999999995
2008-10-01,3.923126000000001
2008-10-08,4.33475
2008-10-15,4.70125
2008-10-22,4.071
2008-10-29,3.4887500000000005
2008-11-05,2.858
2008-11-12,2.2439999999999998
2008-11-19,2.2027499999999995
2008-11-26,2.171376
2008-12-03,2.210126
2008-12-10,2.166002
2008-12-17,1.84275
2008-12-24,1.4845000000000002
2008-12-31,1.4507499999999998
2009-01-07,1.4135000000000002
2009-01-14,1.190126
2009-01-21,1.1216260000000002
2009-01-28,1.174254
2009-02-04,1.209752
2009-02-11,1.232752
2009-02-18,1.242878
2009-02-25,1.2508760000000003
2009-03-04,1.267952
2009-03-11,1.309188
2009-03-18,1.306252
2009-03-25,1.225126
2009-04-01,1.205628
2009-04-08,1.154378
2009-04-15,1.125626
2009-04-22,1.1017540000000001
2009-04-29,1.057002
2009-05-06,0.998002
2009-05-13,0.9205020000000002
2009-05-20,0.786752
2009-05-27,0.6637500000000001
2009-06-03,0.6513760000000001
2009-06-10,0.639626
2009-06-17,0.6182540000000001
2009-06-24,0.6085019999999999
2009-07-01,0.595626
2009-07-08,0.549376
2009-07-15,0.510252
2009-07-22,0.504752
2009-07-29,0.496126
2009-08-05,0.47463
2009-08-12,0.45769000000000004
2009-08-19,0.428876
2009-08-26,0.387754
2009-09-02,0.344002
2009-09-09,0.30911600000000006
2009-09-16,0.29578999999999994
2009-09-23,0.288254
2009-09-30,0.28494
2009-10-07,0.284188
2009-10-14,0.284316
2009-10-21,0.28361400000000003
2009-10-28,0.281192
2009-11-04,0.279254
2009-11-11,0.273374
2009-11-18,0.27112400000000003
2009-11-25,0.261378
2009-12-02,0.25537600000000005
2009-12-09,0.25591200000000003
2009-12-16,0.253764
2009-12-23,0.250552
2009-12-30,0.25063
2010-01-06,0.251628
2010-01-13,0.250876
2010-01-20,0.24982599999999996
2010-01-27,0.24883799999999998
2010-02-03,0.249248
2010-02-10,0.249688
2010-02-17,0.250126
2010-02-24,0.251852
2010-03-03,0.25184
2010-03-10,0.25424
2010-03-17,0.259822
2010-03-24,0.279764
2010-03-31,0.28981399999999996
2010-04-07,0.29292599999999996
2010-04-14,0.299756
2010-04-21,0.30700000000000005
2010-04-28,0.325156
2010-05-05,0.350158
2010-05-12,0.41519400000000006
2010-05-19,0.456626
2010-05-26,0.5129379999999999
2010-06-02,0.5369379999999999
2010-06-09,0.537
2010-06-16,0.5376879999999999
2010-06-23,0.538464
2010-06-30,0.5344519999999999
2010-07-07,0.53184
2010-07-14,0.526288
2010-07-21,0.5165
2010-07-28,0.486938
2010-08-04,0.444564
2010-08-11,0.40319000000000005
2010-08-18,0.36103399999999997
2010-08-25,0.31940599999999997
2010-09-01,0.29688000000000003
2010-09-08,0.292752
2010-09-15,0.292158
2010-09-22,0.29047
2010-09-29,0.28950400000000004
2010-10-06,0.29019
2010-10-13,0.28906
2010-10-20,0.28893599999999997
2010-10-27,0.28837799999999997
2010-11-03,0.28612800000000005
2010-11-10,0.28563
2010-11-17,0.28463000000000005
2010-11-24,0.285004
2010-12-01,0.29718999999999995
2010-12-08,0.30294
2010-12-15,0.30181399999999997
2010-12-22,0.303186
2010-12-29,0.30281
2011-01-05,0.30281
2011-01-12,0.30313
2011-01-19,0.30313
2011-01-26,0.30362999999999996
2011-02-02,0.306828
2011-02-09,0.3116
2011-02-16,0.3132
2011-02-23,0.3125
2011-03-02,0.3099
2011-03-09,0.3095
2011-03-16,0.3092
2011-03-23,0.3088
2011-03-30,0.3069
2011-04-06,0.29742599999999997
2011-04-13,0.28325
2011-04-20,0.27435
2011-04-27,0.27345
2011-05-04,0.2723
2011-05-11,0.26544999999999996
2011-05-18,0.2603
2011-05-25,0.25645
2011-06-01,0.253504
2011-06-08,0.25154999999999994
2011-06-15,0.24705
2011-06-22,0.24610000000000004
2011-06-29,0.246
2011-07-06,0.24575
2011-07-13,0.24728
2011-07-20,0.25115
2011-07-27,0.25271
2011-08-03,0.259878
2011-08-10,0.27495600000000003
2011-08-17,0.291334
2011-08-24,0.30705599999999994
2011-08-31,0.32346800000000003
2011-09-07,0.333044
2011-09-14,0.342776
2011-09-21,0.35292199999999996
2011-09-28,0.36296799999999996
2011-10-05,0.37772
2011-10-12,0.394278
2011-10-19,0.40689000000000003
2011-10-26,0.42022200000000004
2011-11-02,0.43033400000000005
2011-11-09,0.441446
2011-11-16,0.461446
2011-11-23,0.493722
2011-11-30,0.521724
2011-12-07,0.53344
2011-12-14,0.54531
2011-12-21,0.5660499999999999
2011-12-28,0.5760500000000001
2012-01-04,0.5816
2012-01-11,0.5801000000000001
2012-01-18,0.56538
2012-01-25,0.55962
2012-02-01,0.5461
2012-02-08,0.52282
2012-02-15,0.5022599999999999
2012-02-22,0.49269999999999997
2012-02-29,0.48841
2012-03-07,0.47582
2012-03-14,0.47359000000000007
2012-03-21,0.47385
2012-03-28,0.47195
2012-04-04,0.46855
2012-04-11,0.46905
2012-04-18,0.46595000000000003
2012-04-25,0.46573000000000003
2012-05-02,0.46585
2012-05-09,0.46604999999999996
2012-05-16,0.46645000000000003
2012-05-23,0.46685
2012-05-30,0.46685
2012-06-06,0.46765
2012-06-13,0.46785
2012-06-20,0.4678
2012-06-27,0.4622
2012-07-04,0.46040000000000003
2012-07-11,0.4577
2012-07-18,0.4551
2012-07-25,0.4505
2012-08-01,0.4445
2012-08-08,0.43893000000000004
2012-08-15,0.43600000000000005
2012-08-22,0.43315000000000003
2012-08-29,0.42421
2012-09-05,0.41501
2012-09-12,0.40267
2012-09-19,0.38184999999999997
2012-09-26,0.36705
2012-10-03,0.35609999999999997
2012-10-10,0.34865
2012-10-17,0.33004999999999995
2012-10-24,0.31625
2012-10-31,0.31294999999999995
2012-11-07,0.31179999999999997
2012-11-14,0.31
2012-11-21,0.31120000000000003
2012-11-28,0.3113
2012-12-05,0.3105
2012-12-12,0.3099
2012-12-19,0.3088
2012-12-26,0.31
2013-01-02,0.30720000000000003
2013-01-09,0.305
2013-01-16,0.30379999999999996
2013-01-23,0.30179999999999996
2013-01-30,0.30029999999999996
2013-02-06,0.2955
2013-02-13,0.29186
2013-02-20,0.28950000000000004
2013-02-27,0.2873
2013-03-06,0.28300000000000003
2013-03-13,0.28040000000000004
2013-03-20,0.2813
2013-03-27,0.2838
2013-04-03,0.2822
2013-04-10,0.27888
2013-04-17,0.2771
2013-04-24,0.2757
2013-05-01,0.27430000000000004
2013-05-08,0.2747
2013-05-15,0.27470000000000006
2013-05-22,0.27373
2013-05-29,0.27335
2013-06-05,0.27431000000000005
2013-06-12,0.27381
2013-06-19,0.27264999999999995
2013-06-26,0.27475
2013-07-03,0.2734
2013-07-10,0.26952
2013-07-17,0.26714000000000004
2013-07-24,0.26515999999999995
2013-07-31,0.26508000000000004
2013-08-07,0.26608
2013-08-14,0.2643
2013-08-21,0.26292
2013-08-28,0.26124
2013-09-04,0.25974
2013-09-11,0.25614
2013-09-18,0.25291
2013-09-25,0.24964
2013-10-02,0.24710000000000001
2013-10-09,0.24365
2013-10-16,0.24442000000000003
2013-10-23,0.23958000000000004
2013-10-30,0.23803000000000002
2013-11-06,0.23884
2013-11-13,0.23948
2013-11-20,0.23822000000000002
2013-11-27,0.23685
2013-12-04,0.24003999999999998
2013-12-11,0.24215
2013-12-18,0.24380000000000002
2013-12-25,0.24675000000000002
2014-01-01,0.24645
2014-01-08,0.24091
2014-01-15,0.23936000000000002
2014-01-22,0.23675000000000002
2014-01-29,0.23634999999999998
2014-02-05,0.23652
2014-02-12,0.23545000000000002
2014-02-19,0.23498999999999998
2014-02-26,0.23434000000000005
2014-03-05,0.23542999999999997
2014-03-12,0.23450000000000001
2014-03-19,0.23426999999999998
2014-03-26,0.23384999999999997
2014-04-02,0.23115000000000002
2014-04-09,0.22883
2014-04-16,0.22727000000000003
2014-04-23,0.22698000000000002
2014-04-30,0.22559999999999997
2014-05-07,0.22347
2014-05-14,0.22435
2014-05-21,0.22737
2014-05-28,0.22866
2014-06-04,0.22776000000000002
2014-06-11,0.23016999999999999
2014-06-18,0.23106
2014-06-25,0.23205
2014-07-02,0.23315999999999998
2014-07-09,0.2334
2014-07-16,0.23329999999999998
2014-07-23,0.233
2014-07-30,0.2364
2014-08-06,0.23712
2014-08-13,0.23373999999999998
2014-08-20,0.23292000000000002
2014-08-27,0.23687999999999998
2014-09-03,0.23359999999999997
2014-09-10,0.23364000000000001
2014-09-17,0.23435999999999998
2014-09-24,0.23420000000000002
2014-10-01,0.2339
2014-10-08,0.23112
2014-10-15,0.22938
2014-10-22,0.23152
2014-10-29,0.23290000000000002
2014-11-05,0.23210000000000003
2014-11-12,0.23274
2014-11-19,0.2318
2014-11-26,0.23426
2014-12-03,0.23425
2014-12-10,0.23746
2014-12-17,0.24280000000000004
2014-12-24,0.2531
2014-12-31,0.25582
2015-01-07,0.25359999999999994
2015-01-14,0.25318
2015-01-21,0.25583999999999996
2015-01-28,0.2551
2015-02-04,0.254
2015-02-11,0.25725000000000003
2015-02-18,0.25773999999999997
2015-02-25,0.26154
2015-03-04,0.26263000000000003
2015-03-11,0.26648
2015-03-18,0.27021
2015-03-25,0.26721
2015-04-01,0.27282
2015-04-08,0.27324000000000004
2015-04-15,0.27562
2015-04-22,0.27632
2015-04-29,0.27826000000000006
2015-05-06,0.27803
2015-05-13,0.27684000000000003
2015-05-20,0.27860000000000007
2015-05-27,0.28407
2015-06-03,0.28137999999999996
2015-06-10,0.28313
2015-06-17,0.28542
2015-06-24,0.28117000000000003
2015-07-01,0.28285000000000005
2015-07-08,0.28375
2015-07-15,0.28752
2015-07-22,0.29207
2015-07-29,0.29528
2015-08-05,0.30488
2015-08-12,0.31216999999999995
2015-08-19,0.3288
2015-08-26,0.32839999999999997
2015-09-02,0.32978
2015-09-09,0.3327
2015-09-16,0.33651
2015-09-23,0.32846000000000003
2015-09-30,0.32592000000000004
2015-10-07,0.32218
2015-10-14,0.3197
2015-10-21,0.31715
2015-10-28,0.32235
2015-11-04,0.33346000000000003
2015-11-11,0.35122000000000003
2015-11-18,0.36519999999999997
2015-11-25,0.39238000000000006
2015-12-02,0.42006000000000004
2015-12-09,0.4739
2015-12-16,0.518
2015-12-23,0.58911
2015-12-30,0.60564
2016-01-06,0.61486
2016-01-13,0.6211300000000001
2016-01-20,0.62202
2016-01-27,0.6196400000000001
2016-02-03,0.6173200000000001
2016-02-10,0.6197999999999999
2016-02-17,0.6182399999999999
2016-02-24,0.6249399999999999
2016-03-02,0.63405
2016-03-09,0.6349899999999999
2016-03-16,0.63734
2016-03-23,0.6261500000000001
2016-03-30,0.62835
2016-04-06,0.6290000000000001
2016-04-13,0.62948
2016-04-20,0.63405
2016-04-27,0.6361000000000001
2016-05-04,0.63536
2016-05-11,0.6291399999999999
2016-05-18,0.6281000000000001
2016-05-25,0.6618700000000001
2016-06-01,0.67745
2016-06-08,0.6675
2016-06-15,0.65506
2016-06-22,0.64389
2016-06-29,0.6336
2016-07-06,0.6564
2016-07-13,0.67085
2016-07-20,0.6922499999999999
2016-07-27,0.7327
2016-08-03,0.76398
2016-08-10,0.8040099999999999
2016-08-17,0.810384
2016-08-24,0.820886
2016-08-31,0.83553
2016-09-07,0.8356900000000002
2016-09-14,0.8515220000000001
2016-09-21,0.8607120000000001
2016-09-28,0.850814
2016-10-05,0.857888
2016-10-12,0.8760239999999999
2016-10-19,0.8802340000000001
2016-10-26,0.8846679999999999
2016-11-02,0.8828319999999998
2016-11-09,0.883832
2016-11-16,0.9067779999999999
2016-11-23,0.9204420000000001
2016-11-30,0.934868
2016-12-07,0.947556
2016-12-14,0.960422
2016-12-21,0.995722
2016-12-28,0.9972819999999999
2017-01-04,0.9995
2017-01-11,1.014778
2017-01-18,1.024722
2017-01-25,1.038332
2017-02-01,1.036224
2017-02-08,1.03561
2017-02-15,1.03761
2017-02-22,1.053276
2017-03-01,1.0635340000000002
2017-03-08,1.104622
2017-03-15,1.1315000000000002
2017-03-22,1.1545560000000001
2017-03-29,1.151012
2017-04-05,1.149444
2017-04-12,1.156444
2017-04-19,1.157442
2017-04-26,1.163612
2017-05-03,1.171832
2017-05-10,1.1814339999999999
2017-05-17,1.1800680000000001
2017-05-24,1.1872880000000001
2017-05-31,1.203146
2017-06-07,1.220024
2017-06-14,1.2404220000000001
2017-06-21,1.279576
2017-06-28,1.295024
2017-07-05,1.300722
2017-07-12,1.304166
2017-07-19,1.3054979999999998
2017-07-26,1.314278
2017-08-02,1.311114
2017-08-09,1.3107219999999997
2017-08-16,1.3138239999999999
2017-08-23,1.315998
2017-08-30,1.3171659999999998
2017-09-06,1.316888
2017-09-13,1.316678
2017-09-20,1.323834
2017-09-27,1.33022
2017-10-04,1.3387240000000002
2017-10-11,1.354112
2017-10-18,1.357266
2017-10-25,1.367956
2017-11-01,1.380176
2017-11-08,1.3985500000000002
2017-11-15,1.416506
2017-11-22,1.447722
2017-11-29,1.4732779999999999
2017-12-06,1.50569
2017-12-13,1.5620640000000001
2017-12-20,1.627834
2017-12-27,1.6850679999999998
2018-01-03,1.695214
2018-01-10,1.7058880000000003
2018-01-17,1.72926
2018-01-24,1.7456260000000001
2018-01-31,1.770126
2018-02-07,1.7920080000000003
2018-02-14,1.830526
2018-02-21,1.894652
2018-02-28,1.9815019999999997
2018-03-07,2.037838
2018-03-14,2.107306
2018-03-21,2.224192
2018-03-28,2.296416
2018-04-04,2.31614
2018-04-11,2.33721
2018-04-18,2.3539280000000002
2018-04-25,2.361522
2018-05-02,2.359292
2018-05-09,2.3619
2018-05-16,2.334752
2018-05-23,2.330126
2018-05-30,2.3126279999999997
2018-06-06,2.3185879999999996
2018-06-13,2.332466
2018-06-20,2.32949
2018-06-27,2.3361899999999998
2018-07-04,2.338038
2018-07-11,2.335528
2018-07-18,2.339452
2018-07-25,2.3391379999999997
2018-08-01,2.34424
2018-08-08,2.3417380000000003
2018-08-15,2.319588
2018-08-22,2.3131519999999997
2018-08-29,2.3146519999999997
2018-09-05,2.3194380000000003
2018-09-12,2.331662
2018-09-19,2.340178
2018-09-26,2.375954
2018-10-03,2.401652
2018-10-10,2.4155140000000004
2018-10-17,2.44315
2018-10-24,2.4862899999999994
2018-10-31,2.5311519999999996
2018-11-07,2.5911020000000002
2018-11-14,2.618404
2018-11-21,2.652076
2018-11-28,2.6999760000000004
2018-12-05,2.746028
2018-12-12,2.774126
2018-12-19,2.794828
2018-12-26,2.8171399999999998
2019-01-02,2.8018279999999995
2019-01-09,2.7954139999999996
2019-01-16,2.783388
2019-01-23,2.771802
2019-01-30,2.749502
2019-02-06,2.736128
2019-02-13,2.691876
2019-02-20,2.6650039999999997
2019-02-27,2.638178
2019-03-06,2.6044780000000003
2019-03-13,2.601928
2019-03-20,2.618452
2019-03-27,2.6037019999999997
2019-04-03,2.597426
2019-04-10,2.589902
2019-04-17,2.595626
2019-04-24,2.582004
2019-05-01,2.579052
2019-05-08,2.5584040000000003
2019-05-15,2.5261519999999997
2019-05-22,2.522628
2019-05-29,2.523178
2019-06-05,2.489452
2019-06-12,2.443352
2019-06-19,2.400702
2019-06-26,2.333278
2019-07-03,2.3144280000000004
2019-07-10,2.3264020000000003
2019-07-17,2.306202
2019-07-24,2.272378
2019-07-31,2.259152
2019-08-07,2.2213
2019-08-14,2.171678
2019-08-21,2.1416519999999997
2019-08-28,2.132504
2019-09-04,2.128228
2019-09-11,2.1267039999999997
2019-09-18,2.144604
2019-09-25,2.122478
2019-10-02,2.0866300000000004
2019-10-09,2.0151760000000003
2019-10-16,1.9986540000000002
2019-10-23,1.945752
2019-10-30,1.927104
2019-11-06,1.8997499999999998
2019-11-13,1.905154
2019-11-20,1.899728
2019-11-27,1.913552
2019-12-04,1.898228
2019-12-11,1.8877019999999998
2019-12-18,1.900452
2019-12-25,1.9460259999999998
2020-01-01,1.9262540000000001
2020-01-08,1.8716760000000001
2020-01-15,1.8391279999999999
2020-01-22,1.8110039999999998
2020-01-29,1.7821279999999997
2020-02-05,1.7468780000000002
2020-02-12,1.7178280000000001
2020-02-19,1.6933779999999998
2020-02-26,1.6519019999999998
2020-03-04,1.322352
2020-03-11,0.843928
2020-03-18,0.9281280000000001
2020-03-25,1.2228539999999999
2020-04-01,1.429028
2020-04-08,1.348804
2020-04-15,1.19353
2020-04-22,1.081026
2020-04-29,0.833204
2020-05-06,0.503904
2020-05-13,0.42382800000000004
2020-05-20,0.37497800000000003
2020-05-27,0.36635000000000006
2020-06-03,0.33765199999999995
2020-06-10,0.314654
2020-06-17,0.311478
2020-06-24,0.29775399999999996
2020-07-01,0.302102
2020-07-08,0.279478
2020-07-15,0.270628
2020-07-22,0.26397600000000004
2020-07-29,0.25795199999999996
2020-08-05,0.24785
2020-08-12,0.254176
2020-08-19,0.26362800000000003
2020-08-26,0.24935200000000002
2020-09-02,0.246028
2020-09-09,0.24779999999999996
2020-09-16,0.243228
2020-09-23,0.224702
2020-09-30,0.22610400000000003
2020-10-07,0.2294
2020-10-14,0.228104
2020-10-21,0.21392799999999998
2020-10-28,0.0
